cliente_id,renda,score_credito,idade,tempo_conta_anos,num_produtos,saldo_medio,inadimplencia_passada,cluster_kmeans,cluster_gmm,prob_cluster_0,prob_cluster_1,prob_cluster_2
1,4417.395680603879,557,33,4,3,18164.538185618138,0,2,2,0.0,0.0,1.0
2,5772.653252496762,626,65,5,3,9092.387443456037,0,1,1,0.0,1.0,0.0
3,5974.557614965443,857,46,11,4,15534.569735763169,0,0,0,1.0,0.0,0.0
4,2798.082011754125,436,68,16,1,25563.74558929271,0,1,1,0.0,1.0,0.0
5,9924.115693485535,782,31,9,1,15052.641532266549,0,2,2,0.0,0.0,1.0
6,3761.182581312753,663,54,9,1,28010.554312315347,0,0,0,1.0,0.0,0.0
7,3534.3653560079174,428,61,7,4,14739.275300041936,1,1,1,0.0,1.0,0.0
8,3612.755760878784,537,22,3,2,12430.06602230661,0,2,2,0.0,0.0,1.0
9,4899.050418819211,406,61,6,2,19268.82644610452,0,1,1,0.0,1.0,0.0
10,3230.4226081686284,798,30,19,5,19358.127151138444,0,2,2,0.0,0.0,1.0
11,5124.080940519864,409,32,16,3,10873.852427536787,0,2,2,0.0,0.0,1.0
12,2081.773062819384,331,23,5,1,18347.675048011515,1,2,2,0.0,0.0,1.0
13,3742.5523700802096,653,56,16,1,13804.271230765602,0,0,0,1.0,0.0,0.0
14,5409.621873364935,700,23,8,1,10342.018784233956,0,2,2,0.0,0.0,1.0
15,5839.696400026191,676,21,15,3,17824.42358039695,0,2,2,0.0,0.0,1.0
16,4899.216662734719,862,51,3,2,17228.684474568694,0,0,0,1.0,0.0,0.0
17,4364.820475391867,805,59,16,4,26312.142321800013,0,0,0,1.0,0.0,0.0
18,3161.362181235442,379,57,7,1,13274.01855762634,0,0,0,1.0,0.0,0.0
19,3970.314903359132,384,54,9,3,27303.71244685376,0,0,0,1.0,0.0,0.0
20,5551.850040081979,546,27,2,2,19695.65795456857,1,2,2,0.0,0.0,1.0
21,6136.784829216226,561,61,11,1,18020.42491848426,1,1,1,0.0,1.0,0.0
22,7099.821548596325,897,59,19,1,21864.515256508083,1,0,0,1.0,0.0,0.0
23,5754.032544599431,461,29,15,1,2815.573277398733,0,2,2,0.0,0.0,1.0
24,4891.166633401412,364,60,13,4,18201.37046758127,0,1,1,0.0,1.0,0.0
25,3326.6673657116125,338,56,15,4,10145.362915368598,0,0,0,1.0,0.0,0.0
26,6327.57597096352,722,23,3,1,26069.636363867576,0,2,2,0.0,0.0,1.0
27,6628.706933150632,819,23,0,5,16287.49250442436,0,2,2,0.0,0.0,1.0
28,4663.375188696112,408,51,8,3,3927.879620427704,1,0,0,1.0,0.0,0.0
29,3947.130615927419,382,51,1,1,25651.66855434476,0,0,0,1.0,0.0,0.0
30,5010.440881216574,319,55,19,1,6220.82392689671,0,0,0,1.0,0.0,0.0
31,5799.972477838838,329,47,9,4,19105.61976546517,0,0,0,1.0,0.0,0.0
32,7062.861202021151,805,65,2,3,25347.001891821725,0,1,1,0.0,1.0,0.0
33,7089.607855065788,314,50,1,5,11081.547394008552,0,0,0,1.0,0.0,0.0
34,7416.883352319789,420,32,5,4,4109.578995541533,0,2,2,0.0,0.0,1.0
35,8647.894547583492,807,55,4,4,23662.42394485388,0,0,0,1.0,0.0,0.0
36,5849.332008782396,383,63,14,3,0.0,0,1,1,0.0,1.0,0.0
37,6229.566581863079,749,27,14,4,10194.54624571659,0,2,2,0.0,0.0,1.0
38,3830.58832159364,745,48,6,5,15424.999464474176,0,0,0,1.0,0.0,0.0
39,4266.194585973593,412,42,10,2,15551.57464577159,0,0,0,1.0,0.0,0.0
40,5682.2328377359,505,28,16,5,2293.005348281264,0,2,2,0.0,0.0,1.0
41,6117.543309929268,541,46,9,2,24223.65967771562,0,0,0,1.0,0.0,0.0
42,3671.927295224673,349,51,10,4,27430.107557428608,0,0,0,1.0,0.0,0.0
43,4987.918410788102,731,68,10,1,8283.384057379579,0,1,1,0.0,1.0,0.0
44,1800.8627622788626,891,63,19,5,279.2076103472882,0,1,1,0.0,1.0,0.0
45,1000.0,502,24,11,3,16440.062125047352,0,2,2,0.0,0.0,1.0
46,4496.462525150544,472,18,2,3,15549.383892152347,0,2,2,0.0,0.0,1.0
47,4151.6384860855305,398,35,18,2,14089.802570725276,0,2,2,0.0,0.0,1.0
48,4258.421625120942,422,47,2,3,17832.003604872814,0,0,0,1.0,0.0,0.0
49,5401.382708856902,842,45,19,5,17966.61424373334,1,0,0,1.0,0.0,0.0
50,4881.86482117607,653,64,1,4,16272.50097075804,0,1,1,0.0,1.0,0.0
51,3952.8407412019537,436,18,0,5,23290.32821350585,0,2,2,0.0,0.0,1.0
52,6256.26455592332,624,26,0,2,16586.338886172845,0,2,2,0.0,0.0,1.0
53,3582.846144944243,382,42,3,1,22809.19597236158,0,0,0,1.0,0.0,0.0
54,3294.7995820790784,303,29,3,1,19541.33169562927,1,2,2,0.0,0.0,1.0
55,7955.252149102753,806,37,3,3,19952.900691169336,0,0,0,1.0,0.0,0.0
56,5219.150446351881,439,59,15,1,9900.65486135565,0,0,0,1.0,0.0,0.0
57,10312.455149244852,466,57,4,1,29265.6585435498,0,0,0,1.0,0.0,0.0
58,5161.548531446051,869,66,17,2,4065.863816938694,0,1,1,0.0,1.0,0.0
59,6442.482904821722,509,66,19,4,20677.27020244186,0,1,1,0.0,1.0,0.0
60,2068.8297149260616,490,53,15,1,8494.647071763307,0,0,0,1.0,0.0,0.0
61,3773.0862437484247,335,47,12,5,13342.186507695124,0,0,0,1.0,0.0,0.0
62,8283.626197279737,717,37,4,5,12219.015220283503,0,0,0,1.0,0.0,0.0
63,3518.461205282312,799,29,14,4,14988.965742679771,0,2,2,0.0,0.0,1.0
64,6142.010415860972,825,57,9,2,16698.18006562801,0,0,0,1.0,0.0,0.0
65,1274.1832604456208,669,51,18,1,9725.005367444412,0,0,0,1.0,0.0,0.0
66,5820.789662881359,748,21,14,4,8917.172100365613,0,2,2,0.0,0.0,1.0
67,6358.481477804916,605,32,9,4,13018.096767036135,1,2,2,0.0,0.0,1.0
68,5996.223205713008,649,28,7,3,13952.625283767591,0,2,2,0.0,0.0,1.0
69,2902.583926156092,595,54,12,5,17903.668700349837,0,0,0,1.0,0.0,0.0
70,7267.097210387888,680,47,2,1,7906.848114404934,0,0,0,1.0,0.0,0.0
71,3536.019581963188,817,54,2,1,14878.643909574725,0,0,0,1.0,0.0,0.0
72,7363.223598090911,613,42,1,2,12851.993099119272,0,0,0,1.0,0.0,0.0
73,3365.126897301748,745,68,11,5,16134.956930043309,0,1,1,0.0,1.0,0.0
74,4986.591070070023,540,34,8,3,14179.126802320978,1,2,2,0.0,0.0,1.0
75,3884.676472596585,503,35,12,2,18029.707083019068,0,2,2,0.0,0.0,1.0
76,4015.47344663473,473,65,18,2,23234.81863692359,0,1,1,0.0,1.0,0.0
77,5427.062697130206,599,19,19,3,7230.854900165927,0,2,2,0.0,0.0,1.0
78,3287.2589215711364,670,58,0,1,13797.40116327447,0,0,0,1.0,0.0,0.0
79,1606.0586189713144,504,63,6,1,25636.80137678953,0,1,1,0.0,1.0,0.0
80,4610.975434748439,832,34,14,1,19608.550527259453,0,2,2,0.0,0.0,1.0
81,4735.551775752407,360,52,18,5,2231.01328051537,0,0,0,1.0,0.0,0.0
82,6367.254682952284,784,63,14,3,16708.924627296128,0,1,1,0.0,1.0,0.0
83,5029.050061265299,760,22,12,4,941.4545404880791,0,2,2,0.0,0.0,1.0
84,3768.702877287845,588,36,19,2,25099.31224347013,0,0,0,1.0,0.0,0.0
85,3812.520979589626,505,31,3,1,13605.665040523476,0,2,2,0.0,0.0,1.0
86,6343.650395651677,585,51,8,1,22274.69925916743,0,0,0,1.0,0.0,0.0
87,4340.211649843793,652,48,9,3,7009.65779079637,0,0,0,1.0,0.0,0.0
88,1000.0,830,25,10,4,5354.614867181306,0,2,2,0.0,0.0,1.0
89,4415.760839188747,756,24,19,3,7367.613633077022,0,2,2,0.0,0.0,1.0
90,5984.039362015718,482,51,8,3,15373.482310367022,0,0,0,1.0,0.0,0.0
91,1434.6446844498469,501,48,10,3,18756.77997090917,0,0,0,1.0,0.0,0.0
92,6443.0239004316645,679,36,6,5,20911.32381913407,0,0,0,1.0,0.0,0.0
93,6864.228490681023,360,65,15,3,13192.35079615029,0,1,1,0.0,1.0,0.0
94,1613.157108221268,349,47,16,3,31840.911414729653,0,0,0,1.0,0.0,0.0
95,5420.399843915249,676,19,3,2,8863.18362162948,0,2,2,0.0,0.0,1.0
96,4542.911854561499,420,41,19,4,8778.763200226822,0,0,0,1.0,0.0,0.0
97,4646.180006754512,891,22,17,1,5724.453262833647,0,2,2,0.0,0.0,1.0
98,3745.57554355259,527,69,0,4,17788.289609299725,1,1,1,0.0,1.0,0.0
99,5066.305403779526,494,38,6,5,17134.275334293015,0,0,0,1.0,0.0,0.0
100,7549.342937169856,719,50,10,3,25040.48898392989,0,0,0,1.0,0.0,0.0
101,5429.787912849639,612,31,13,2,18184.458416038997,0,2,2,0.0,0.0,1.0
102,5468.720152194187,389,30,17,3,7230.616625426355,0,2,2,0.0,0.0,1.0
103,4948.780754556259,733,45,19,3,14148.770498090373,0,0,0,1.0,0.0,0.0
104,3237.8649851347864,675,23,6,1,21742.598930474494,0,2,2,0.0,0.0,1.0
105,3184.104936705999,564,41,11,4,19587.99809845888,1,0,0,1.0,0.0,0.0
106,5415.838779127885,618,22,15,1,11509.08248297416,0,2,2,0.0,0.0,1.0
107,1571.6841418276272,459,39,18,4,8149.275553673768,0,0,0,1.0,0.0,0.0
108,6555.74921274092,628,31,6,4,18579.110585725943,0,2,2,0.0,0.0,1.0
109,6866.383930251036,712,20,0,2,15242.39345498304,0,2,2,0.0,0.0,1.0
110,4246.374507192944,702,27,15,4,20671.36467660713,0,2,2,0.0,0.0,1.0
111,3051.5615606319097,410,27,0,3,552.7167816346573,0,2,2,0.0,0.0,1.0
112,5115.416344936731,802,58,10,1,7915.706592072433,0,0,0,1.0,0.0,0.0
113,3581.6520404703942,515,23,5,3,6240.5555686356965,0,2,2,0.0,0.0,1.0
114,6414.30303530687,739,61,0,5,14611.465003947274,1,1,1,0.0,1.0,0.0
115,7087.12999509128,802,38,1,1,22692.81503975219,0,0,0,1.0,0.0,0.0
116,2721.512426062137,374,31,6,4,29887.773434132858,1,2,2,0.0,0.0,1.0
117,1255.0377618642449,725,19,17,5,11954.916403820136,1,2,2,0.0,0.0,1.0
118,7781.051391462191,357,48,15,3,22959.225340714664,1,0,0,1.0,0.0,0.0
119,8236.241542864982,309,26,5,1,13601.5541796265,0,2,2,0.0,0.0,1.0
120,7154.292156904007,337,22,16,5,21339.281410505595,0,2,2,0.0,0.0,1.0
121,3058.2315982319637,741,51,13,5,10173.243206377036,0,0,0,1.0,0.0,0.0
122,6543.247006347291,853,21,18,4,25725.119493616025,1,2,2,0.0,0.0,1.0
123,4957.203601865279,793,55,1,4,13151.055053775504,1,0,0,1.0,0.0,0.0
124,4322.616597394083,782,65,18,1,1069.10472833333,0,1,1,0.0,1.0,0.0
125,4427.569054493256,545,31,16,5,14151.601919681754,0,2,2,0.0,0.0,1.0
126,1273.4482745668015,689,38,9,1,20940.182396755587,0,0,0,1.0,0.0,0.0
127,2192.081981018924,300,68,3,2,0.0,0,1,1,0.0,1.0,0.0
128,4308.3408996422295,785,62,3,4,19710.293971461604,0,1,1,0.0,1.0,0.0
129,5774.340925046385,785,36,9,1,40508.82751047514,0,0,0,1.0,0.0,0.0
130,7336.900939086602,452,20,19,5,9659.322803170162,1,2,2,0.0,0.0,1.0
131,3698.9998766358776,887,28,0,1,10794.153305410471,0,2,2,0.0,0.0,1.0
132,7923.059469736228,749,34,13,1,5134.592540391057,0,2,2,0.0,0.0,1.0
133,6327.354062573065,393,66,16,5,18515.265890574738,1,1,1,0.0,1.0,0.0
134,5573.714250958015,448,51,0,3,5052.195374891931,0,0,0,1.0,0.0,0.0
135,7031.306951606982,518,32,2,3,16645.940529295218,0,2,2,0.0,0.0,1.0
136,3719.671786675396,682,29,3,5,26122.797936483235,0,2,2,0.0,0.0,1.0
137,7968.458872864314,741,68,11,4,12249.801330627322,0,1,1,0.0,1.0,0.0
138,3132.3851702199663,662,54,6,3,27885.41219160982,0,0,0,1.0,0.0,0.0
139,3545.802494431989,706,62,15,4,0.0,0,1,1,0.0,1.0,0.0
140,1515.8317425467171,529,33,8,5,9183.808788017775,0,2,2,0.0,0.0,1.0
141,3047.9910457999595,727,57,3,1,19057.961874758214,1,0,0,1.0,0.0,0.0
142,3331.587940292045,469,23,4,1,15948.579079226814,1,2,2,0.0,0.0,1.0
143,3502.003729119853,888,18,14,3,17641.721462296224,0,2,2,0.0,0.0,1.0
144,2922.764816920479,327,61,3,4,6151.699670116619,0,1,1,0.0,1.0,0.0
145,5547.610948099908,673,21,11,4,12528.948335159628,0,2,2,0.0,0.0,1.0
146,8591.987261502265,349,54,14,3,27928.19479786169,0,0,0,1.0,0.0,0.0
147,6338.023682912925,358,51,0,1,9616.574403082588,0,0,0,1.0,0.0,0.0
148,3508.7810784160342,323,63,9,1,3264.127184259907,1,1,1,0.0,1.0,0.0
149,6858.142396223795,606,33,1,1,14234.4225109734,0,2,2,0.0,0.0,1.0
150,3228.013565657833,826,34,3,2,15075.569347999632,0,2,2,0.0,0.0,1.0
151,4194.405033329079,512,32,11,3,12937.064948028788,0,2,2,0.0,0.0,1.0
152,6049.705347993102,515,21,14,5,20876.02414000117,1,2,2,0.0,0.0,1.0
153,9085.143986020072,362,45,7,5,17770.840529343426,1,0,0,1.0,0.0,0.0
154,5253.8879284494105,846,46,10,4,11387.831261389303,0,0,0,1.0,0.0,0.0
155,7194.029912861597,479,32,8,5,7533.333042996885,0,2,2,0.0,0.0,1.0
156,7494.485967587733,880,41,14,4,31585.06255164417,0,0,0,1.0,0.0,0.0
157,4047.825578401748,484,42,10,5,4384.53774753789,0,0,0,1.0,0.0,0.0
158,1624.3959937053892,507,46,13,2,22631.38688915051,0,0,0,1.0,0.0,0.0
159,5451.252851340745,391,38,0,2,6306.3008306717,0,0,0,1.0,0.0,0.0
160,5820.377332228087,677,64,0,3,30798.870853946864,1,1,1,0.0,1.0,0.0
161,3741.72055857232,525,55,10,3,1957.884491631181,0,0,0,1.0,0.0,0.0
162,2899.2010133864237,527,20,11,2,26599.924178605084,0,2,2,0.0,0.0,1.0
163,6745.089186553503,412,38,6,3,32873.093338887935,0,0,0,1.0,0.0,0.0
164,6033.036877178858,418,32,15,4,17510.31765940431,0,2,2,0.0,0.0,1.0
165,5809.651559950161,489,48,14,1,7384.711392262556,0,0,0,1.0,0.0,0.0
166,3447.47007242168,334,57,6,4,16744.121611993578,0,0,0,1.0,0.0,0.0
167,5396.404220157686,859,61,3,3,7357.785264030333,0,1,1,0.0,1.0,0.0
168,6781.18004343109,379,44,1,1,28824.26806997479,0,0,0,1.0,0.0,0.0
169,3289.062854103372,661,62,6,4,27030.59498627181,0,1,1,0.0,1.0,0.0
170,7307.017090007337,712,40,18,1,14147.4808777291,0,0,0,1.0,0.0,0.0
171,3306.1679577060186,328,58,4,2,8851.023688167534,1,0,0,1.0,0.0,0.0
172,2487.532615032442,883,22,17,1,29660.52342278345,0,2,2,0.0,0.0,1.0
173,7057.272059853891,889,21,4,2,3855.005516553394,1,2,2,0.0,0.0,1.0
174,1979.832783495795,632,26,2,5,17914.783038313533,0,2,2,0.0,0.0,1.0
175,5255.51562833614,430,50,3,5,8311.78842299848,0,0,0,1.0,0.0,0.0
176,2652.933200982121,386,51,13,3,16954.79948275225,0,0,0,1.0,0.0,0.0
177,3694.4492506922825,304,55,4,1,0.0,0,0,0,1.0,0.0,0.0
178,3491.3395707951167,770,66,7,4,21570.411171951644,0,1,1,0.0,1.0,0.0
179,5799.43376769326,879,55,6,3,7106.829613550891,1,0,0,1.0,0.0,0.0
180,2622.6952061935385,417,35,15,4,16035.066148031685,0,2,2,0.0,0.0,1.0
181,3817.211172195852,580,20,10,3,17704.15045541461,1,2,2,0.0,0.0,1.0
182,8105.743136080775,878,56,9,2,13047.625973330483,0,0,0,1.0,0.0,0.0
183,3180.6110725468443,306,66,8,4,26711.640178848025,0,1,1,0.0,1.0,0.0
184,5311.957258173985,742,60,0,2,17711.394756525227,0,1,1,0.0,1.0,0.0
185,7288.978261581065,327,37,9,1,28768.34764641335,0,0,0,1.0,0.0,0.0
186,8297.872565933765,872,66,1,1,12409.907386540128,1,1,1,0.0,1.0,0.0
187,2825.7357454692183,553,69,17,4,24422.23297795176,0,1,1,0.0,1.0,0.0
188,4484.923835041426,391,21,12,5,14184.661066335915,0,2,2,0.0,0.0,1.0
189,4755.182006635275,425,53,0,1,13916.614186668465,1,0,0,1.0,0.0,0.0
190,1497.502722453738,832,66,8,3,16332.42711506218,0,1,1,0.0,1.0,0.0
191,6316.933336342043,455,35,17,1,16974.807958854406,0,2,2,0.0,0.0,1.0
192,6545.661664803274,419,48,7,2,8174.06539761356,0,0,0,1.0,0.0,0.0
193,5624.635783066284,647,18,15,5,3580.985629717399,0,2,2,0.0,0.0,1.0
194,5894.854195687261,781,21,19,5,3966.3750673652976,0,2,2,0.0,0.0,1.0
195,3043.444511775443,354,47,13,2,23977.744024008203,0,0,0,1.0,0.0,0.0
196,5666.5575039845135,713,24,17,4,20373.59033791053,0,2,2,0.0,0.0,1.0
197,5487.258934422564,660,55,18,5,4745.0853796051415,0,0,0,1.0,0.0,0.0
198,2092.425486372824,595,18,0,5,19835.500577121173,0,2,2,0.0,0.0,1.0
199,5159.767420637896,808,31,7,4,5417.22597972004,0,2,2,0.0,0.0,1.0
200,7789.742119142127,640,58,10,3,14142.172743489518,0,0,0,1.0,0.0,0.0
201,4227.515898339637,827,69,17,1,15890.545020814892,0,1,1,0.0,1.0,0.0
202,4373.287104813272,559,25,18,2,26990.25895973948,0,2,2,0.0,0.0,1.0
203,4639.098687363186,800,55,8,4,8467.403915004148,0,0,0,1.0,0.0,0.0
204,5901.4929825311,738,46,9,4,16029.453704315893,0,0,0,1.0,0.0,0.0
205,8373.477917726643,605,23,5,5,9843.671256098383,0,2,2,0.0,0.0,1.0
206,3111.538052771264,626,26,7,4,13896.117365177855,0,2,2,0.0,0.0,1.0
207,6547.979901784953,508,46,2,3,21332.677960004585,0,0,0,1.0,0.0,0.0
208,5654.458753085781,633,37,18,2,16183.229408489426,0,0,0,1.0,0.0,0.0
209,4062.639134457958,893,24,3,2,22988.948222752497,0,2,2,0.0,0.0,1.0
210,6667.866219718027,494,27,19,5,17169.934341375818,0,2,2,0.0,0.0,1.0
211,3950.1782899816167,879,46,15,3,9679.778956453052,0,0,0,1.0,0.0,0.0
212,4190.266151721324,365,25,3,2,14228.48553575672,0,2,2,0.0,0.0,1.0
213,3033.45611499846,840,56,18,2,22812.033516540563,0,0,0,1.0,0.0,0.0
214,4355.110339545773,402,48,17,2,26091.65175654532,0,0,0,1.0,0.0,0.0
215,4866.072848480486,878,33,18,5,9745.090100702502,0,2,2,0.0,0.0,1.0
216,7640.117013837247,773,47,13,3,6014.43908381124,0,0,0,1.0,0.0,0.0
217,2849.8397199630517,664,22,2,1,0.0,0,2,2,0.0,0.0,1.0
218,1878.3540395933992,707,35,10,4,18703.689943154368,0,2,2,0.0,0.0,1.0
219,6759.798189981209,730,35,1,3,13623.42895684284,1,2,2,0.0,0.0,1.0
220,4206.861146683397,676,68,14,5,13889.031188523277,0,1,1,0.0,1.0,0.0
221,9268.026094328186,387,45,17,3,28281.640695338465,0,0,0,1.0,0.0,0.0
222,5644.370924873828,389,33,19,5,14062.084288581444,0,2,2,0.0,0.0,1.0
223,5281.518961934544,386,31,16,1,20086.428780383794,0,2,2,0.0,0.0,1.0
224,3132.918714241083,327,53,12,1,19058.149661859094,0,0,0,1.0,0.0,0.0
225,5515.339108245766,681,66,10,1,31387.60402206948,0,1,1,0.0,1.0,0.0
226,1673.4599796351004,803,33,4,4,13444.120192627766,1,2,2,0.0,0.0,1.0
227,5188.006468729116,863,34,17,4,18459.93923491316,0,2,2,0.0,0.0,1.0
228,2523.698087153286,707,40,9,4,3875.0494148443977,0,0,0,1.0,0.0,0.0
229,3455.620226321989,414,30,1,2,12591.22753213982,1,2,2,0.0,0.0,1.0
230,6916.227741538308,453,48,16,3,8326.197113945262,0,0,0,1.0,0.0,0.0
231,3324.9590064201184,824,54,2,4,14463.877834439318,0,0,0,1.0,0.0,0.0
232,6505.507546373446,599,55,15,5,9821.429385527284,0,0,0,1.0,0.0,0.0
233,1737.3528958691677,357,37,1,2,25889.687098896487,0,0,0,1.0,0.0,0.0
234,5928.004736130765,305,27,5,2,14363.530936606094,0,2,2,0.0,0.0,1.0
235,6539.857348293312,317,57,1,2,18741.841743509707,0,0,0,1.0,0.0,0.0
236,4670.820655044908,549,23,11,1,4011.2267294123376,0,2,2,0.0,0.0,1.0
237,5380.750420591751,388,60,8,2,0.0,0,1,1,0.0,1.0,0.0
238,7558.249625130044,787,64,1,4,10725.837107403197,0,1,1,0.0,1.0,0.0
239,6680.70748084819,647,18,5,4,15583.001732789924,1,2,2,0.0,0.0,1.0
240,4466.483211524048,486,66,2,4,18412.97993816056,0,1,1,0.0,1.0,0.0
241,3808.1393174526793,468,38,3,4,8027.355196950805,1,0,0,1.0,0.0,0.0
242,1000.0,632,65,17,2,24422.33635643344,0,1,1,0.0,1.0,0.0
243,1869.858613478508,423,68,4,1,13130.7931735835,0,1,1,0.0,1.0,0.0
244,3524.136150901578,705,58,12,4,24546.11966156857,1,0,0,1.0,0.0,0.0
245,5847.4554327326205,337,35,0,3,22616.36639690677,0,2,2,0.0,0.0,1.0
246,6081.798416465943,609,19,0,1,17001.346203001045,0,2,2,0.0,0.0,1.0
247,2878.2581849560743,650,59,3,4,11270.191574442684,0,0,0,1.0,0.0,0.0
248,4049.64586073193,409,37,10,3,16905.81848443693,0,0,0,1.0,0.0,0.0
249,4781.131718243637,494,24,14,5,9426.510262425609,0,2,2,0.0,0.0,1.0
250,1148.8175516814408,499,57,6,5,4783.7767839399385,0,0,0,1.0,0.0,0.0
251,2908.6756084845706,351,31,0,5,21076.772540464168,0,2,2,0.0,0.0,1.0
252,5195.976589875579,533,56,5,5,11790.42965989772,0,0,0,1.0,0.0,0.0
253,3807.5618011412143,871,35,10,4,2287.361638265489,0,2,2,0.0,0.0,1.0
254,4755.824862962475,841,69,1,2,15498.89347130318,1,1,1,0.0,1.0,0.0
255,3142.3240326527384,695,66,5,1,18722.532885785644,0,1,1,0.0,1.0,0.0
256,2870.307413370147,401,67,18,1,11856.123401910058,1,1,1,0.0,1.0,0.0
257,6104.589696028889,373,23,5,5,22162.685267664845,0,2,2,0.0,0.0,1.0
258,4844.462696653504,434,28,1,3,34842.64569266711,0,2,2,0.0,0.0,1.0
259,2662.4876107130526,638,56,16,5,17449.162525686006,1,0,0,1.0,0.0,0.0
260,3450.7989497331264,322,36,14,3,7688.134759402428,0,0,0,1.0,0.0,0.0
261,3835.680439303912,817,46,7,5,17937.8442949006,0,0,0,1.0,0.0,0.0
262,8091.120161197074,586,26,15,5,11970.339073712732,0,2,2,0.0,0.0,1.0
263,6084.403916772177,330,58,1,5,7861.387501298668,0,0,0,1.0,0.0,0.0
264,5613.637547624031,347,26,6,2,10057.108597433513,0,2,2,0.0,0.0,1.0
265,3582.06607212334,555,40,17,2,44095.80931271468,0,0,0,1.0,0.0,0.0
266,4026.192565705024,693,59,5,4,2153.985153778709,0,0,0,1.0,0.0,0.0
267,6113.002633687397,745,43,13,3,19254.79021475501,0,0,0,1.0,0.0,0.0
268,5356.104030254237,411,27,13,5,8880.63853083802,0,2,2,0.0,0.0,1.0
269,3972.540299032274,656,37,18,4,4805.327844483154,0,0,0,1.0,0.0,0.0
270,6384.265855719639,438,24,3,2,2751.0032709920088,0,2,2,0.0,0.0,1.0
271,2879.714752105653,896,25,16,5,0.0,1,2,2,0.0,0.0,1.0
272,6257.399448027423,574,33,8,1,8310.402476593941,0,2,2,0.0,0.0,1.0
273,2321.716618157963,690,44,19,1,4146.098631014127,0,0,0,1.0,0.0,0.0
274,4266.159658785687,873,29,17,1,200.4623098122629,1,2,2,0.0,0.0,1.0
275,5448.140591855451,409,30,16,3,15029.216954849777,0,2,2,0.0,0.0,1.0
276,3485.539910850581,865,28,18,5,2926.8449887847,0,2,2,0.0,0.0,1.0
277,6857.194844580274,605,69,19,1,21858.805013318924,0,1,1,0.0,1.0,0.0
278,5077.969979970142,392,51,15,4,7588.069044077038,0,0,0,1.0,0.0,0.0
279,3815.6988677709614,504,52,15,2,16531.649898618252,0,0,0,1.0,0.0,0.0
280,5110.684156316273,637,23,1,4,28172.522998949607,0,2,2,0.0,0.0,1.0
281,1401.010999018396,385,55,11,2,0.0,0,0,0,1.0,0.0,0.0
282,3522.6253485709085,754,18,2,5,16859.612932734177,0,2,2,0.0,0.0,1.0
283,8502.380885577664,466,22,15,2,6106.382107250158,1,2,2,0.0,0.0,1.0
284,3324.764530742465,682,21,12,2,19669.557869382123,0,2,2,0.0,0.0,1.0
285,7875.293619155961,426,19,19,5,21604.03052871311,0,2,2,0.0,0.0,1.0
286,7218.266850969964,411,52,2,1,0.0,0,0,0,1.0,0.0,0.0
287,5713.263537249577,325,37,6,5,28791.3271716279,0,0,0,1.0,0.0,0.0
288,4065.886844455171,897,30,0,2,32850.257987373654,1,2,2,0.0,0.0,1.0
289,4011.41829239982,616,66,12,3,8957.331063773196,0,1,1,0.0,1.0,0.0
290,9612.77988002784,625,53,3,2,16004.435416751,0,0,0,1.0,0.0,0.0
291,5598.0564097956,443,26,15,1,5853.655151418103,0,2,2,0.0,0.0,1.0
292,2817.986615421101,454,45,5,2,4775.700303042187,1,0,0,1.0,0.0,0.0
293,6395.160457908473,344,25,3,2,19299.75329731525,0,2,2,0.0,0.0,1.0
294,3905.202589866719,331,58,14,1,27119.44415507572,1,0,0,1.0,0.0,0.0
295,5573.056666144765,786,23,11,1,23681.98127554133,1,2,2,0.0,0.0,1.0
296,4935.459714069853,613,48,6,1,13934.328113013717,0,0,0,1.0,0.0,0.0
297,6232.712731564219,812,37,9,4,25261.22508798226,0,0,0,1.0,0.0,0.0
298,4118.024803986973,764,22,16,2,26728.278589555164,0,2,2,0.0,0.0,1.0
299,5627.380529891449,348,58,2,5,18744.341466327794,0,0,0,1.0,0.0,0.0
300,7057.704024959872,353,67,14,5,19027.300792172333,0,1,1,0.0,1.0,0.0
301,1254.070430305719,586,40,18,5,15258.108451807986,1,0,0,1.0,0.0,0.0
302,5514.153508117555,674,32,19,4,16473.69221803397,1,2,2,0.0,0.0,1.0
303,4204.159215203904,423,32,19,5,8924.6634808898,0,2,2,0.0,0.0,1.0
304,5017.91451193493,654,29,9,2,14665.671135342564,0,2,2,0.0,0.0,1.0
305,4583.801675188099,457,48,18,4,6352.286205788498,0,0,0,1.0,0.0,0.0
306,4974.777896435244,892,61,10,3,12817.297945892682,0,1,1,0.0,1.0,0.0
307,6119.741536074939,650,43,10,4,5522.47937528934,0,0,0,1.0,0.0,0.0
308,4025.896944330059,591,39,18,3,13602.711998877228,0,0,0,1.0,0.0,0.0
309,7461.908903048192,709,36,1,3,21580.72209744926,0,0,0,1.0,0.0,0.0
310,4974.929347670181,675,32,5,3,9338.068875110195,0,2,2,0.0,0.0,1.0
311,5054.188489880388,459,55,18,2,12992.699241686032,0,0,0,1.0,0.0,0.0
312,4079.2027249399534,395,64,8,3,6435.569776109474,1,1,1,0.0,1.0,0.0
313,2600.300672535155,802,57,19,1,31242.94235044753,0,0,0,1.0,0.0,0.0
314,2806.363724321657,634,37,16,5,14807.176890748762,0,0,0,1.0,0.0,0.0
315,3146.043273350687,744,56,11,4,24094.72038259972,0,0,0,1.0,0.0,0.0
316,1000.0,484,34,9,4,35150.41363904667,1,2,2,0.0,0.0,1.0
317,3592.398485960841,799,63,9,4,11001.106250558429,0,1,1,0.0,1.0,0.0
318,4155.541786848119,728,22,7,5,22705.9229610233,0,2,2,0.0,0.0,1.0
319,5755.3042867945205,424,56,8,5,3519.047078413103,0,0,0,1.0,0.0,0.0
320,3685.1669203430624,801,48,19,3,12710.38027744963,0,0,0,1.0,0.0,0.0
321,1929.566725503379,832,28,1,4,24708.27707601823,0,2,2,0.0,0.0,1.0
322,4197.627315670124,882,18,15,4,7738.599198331554,0,2,2,0.0,0.0,1.0
323,3176.274843300608,429,31,14,1,5182.224589078143,0,2,2,0.0,0.0,1.0
324,3383.670140906327,399,50,8,3,17198.535583958896,1,0,0,1.0,0.0,0.0
325,1427.4470707761066,349,68,4,5,10319.376229090474,0,1,1,0.0,1.0,0.0
326,6266.548337224609,340,33,18,3,22872.520769966904,1,2,2,0.0,0.0,1.0
327,5183.61243912569,447,56,15,1,2810.4549377292624,0,0,0,1.0,0.0,0.0
328,10115.164577173238,693,63,17,4,7780.330394346134,0,1,1,0.0,1.0,0.0
329,2466.671316327698,387,25,10,5,21390.157505316827,0,2,2,0.0,0.0,1.0
330,3943.843642756957,748,30,2,3,20738.00193406389,0,2,2,0.0,0.0,1.0
331,3224.79429281507,398,66,0,4,16187.881320147217,0,1,1,0.0,1.0,0.0
332,8813.502787673402,300,67,19,3,16920.40867495586,1,1,1,0.0,1.0,0.0
333,6855.621036319155,814,48,3,3,27510.736417360466,0,0,0,1.0,0.0,0.0
334,3508.388022572284,659,54,8,2,4505.45551237524,0,0,0,1.0,0.0,0.0
335,4575.367345444019,822,31,8,3,9043.24495782041,0,2,2,0.0,0.0,1.0
336,8073.94928582698,442,43,3,3,33638.96241276359,0,0,0,1.0,0.0,0.0
337,4670.397165903763,425,20,14,1,6450.256226684174,0,2,2,0.0,0.0,1.0
338,5686.030383664442,621,39,19,3,20375.965280612618,0,0,0,1.0,0.0,0.0
339,2471.001882972605,574,60,9,2,9862.115926486447,1,1,1,0.0,1.0,0.0
340,7338.148765326629,357,60,4,4,26866.44661907548,0,1,1,0.0,1.0,0.0
341,2111.153112638864,321,37,11,2,7492.065212878592,1,0,0,1.0,0.0,0.0
342,5003.3943916894805,688,56,16,3,11330.193843370083,0,0,0,1.0,0.0,0.0
343,3395.891936521723,841,22,19,4,16896.07298031941,0,2,2,0.0,0.0,1.0
344,6858.127765254292,669,62,3,5,2713.409592146845,0,1,1,0.0,1.0,0.0
345,3863.881282609757,822,61,19,2,9511.247590917335,0,1,1,0.0,1.0,0.0
346,5918.325949086524,675,48,15,4,4778.129282873691,1,0,0,1.0,0.0,0.0
347,8974.580287458968,629,29,2,1,9816.502670024123,0,2,2,0.0,0.0,1.0
348,5671.649086364291,642,51,0,1,29652.46507190732,0,0,0,1.0,0.0,0.0
349,5346.947752893575,831,61,7,4,23024.09209063084,0,1,1,0.0,1.0,0.0
350,3888.199372030467,517,60,7,2,21117.70553138379,0,1,1,0.0,1.0,0.0
351,8415.869185464147,701,43,19,3,5895.818729616867,0,0,0,1.0,0.0,0.0
352,10445.470896641493,601,42,14,1,21648.792232942076,0,0,0,1.0,0.0,0.0
353,7613.525780043917,350,20,4,1,17485.638458267596,0,2,2,0.0,0.0,1.0
354,8431.009063171168,440,37,14,1,8156.878295572728,0,0,0,1.0,0.0,0.0
355,3264.1949906968475,311,25,7,4,15956.740140435926,0,2,2,0.0,0.0,1.0
356,2628.1169826599257,307,34,17,3,16428.686822419968,0,2,2,0.0,0.0,1.0
357,5216.313172035794,344,61,13,4,8919.606298103612,0,1,1,0.0,1.0,0.0
358,4214.250014424046,634,49,16,4,7232.177307792895,0,0,0,1.0,0.0,0.0
359,4543.402439796006,817,64,3,4,27950.827325900995,0,1,1,0.0,1.0,0.0
360,4775.912632073775,455,46,14,4,7188.747174031846,0,0,0,1.0,0.0,0.0
361,2169.2005600198754,845,30,15,3,13591.09088771106,0,2,2,0.0,0.0,1.0
362,4599.782136603119,768,32,6,2,18634.01098300805,0,2,2,0.0,0.0,1.0
363,4990.479556391258,554,52,5,2,7845.86830594803,1,0,0,1.0,0.0,0.0
364,6344.492316148267,889,40,8,4,29793.19018095314,0,0,0,1.0,0.0,0.0
365,5929.000038554782,333,20,3,4,20038.904080203345,0,2,2,0.0,0.0,1.0
366,2406.247843019149,827,37,5,4,21241.46849256555,0,0,0,1.0,0.0,0.0
367,4496.5578950952495,882,64,7,5,17757.317319192392,0,1,1,0.0,1.0,0.0
368,5417.072519345988,516,39,4,3,11050.109467910102,0,0,0,1.0,0.0,0.0
369,7700.825924140281,338,32,12,4,18600.94072568887,0,2,2,0.0,0.0,1.0
370,2999.789385490717,807,69,18,1,25510.84868672817,0,1,1,0.0,1.0,0.0
371,5239.345863720416,522,26,14,4,6478.953332834546,0,2,2,0.0,0.0,1.0
372,6313.3315216302535,355,22,2,5,16113.65587316643,0,2,2,0.0,0.0,1.0
373,7524.096390354177,780,39,13,5,16008.571431731032,0,0,0,1.0,0.0,0.0
374,6432.756932197866,465,35,10,4,29884.766743705422,0,2,2,0.0,0.0,1.0
375,7659.531325313528,313,48,16,5,4577.633113908727,0,0,0,1.0,0.0,0.0
376,4081.2011147045896,722,51,2,4,913.5168602563026,0,0,0,1.0,0.0,0.0
377,7075.396659510453,685,35,7,5,7747.898473480743,0,2,2,0.0,0.0,1.0
378,3517.1084021639763,832,62,13,3,14868.76846981172,0,1,1,0.0,1.0,0.0
379,4290.834136088378,326,18,16,5,11322.478909585545,1,2,2,0.0,0.0,1.0
380,2641.875397751884,314,57,6,4,26523.14276486857,0,0,0,1.0,0.0,0.0
381,6283.58350513363,302,28,2,4,13540.52547237707,1,2,2,0.0,0.0,1.0
382,1585.2214357211265,466,64,5,1,22503.47370510069,0,1,1,0.0,1.0,0.0
383,6438.422190909856,603,38,14,3,18176.39033929148,0,0,0,1.0,0.0,0.0
384,4701.283296189921,420,47,7,2,11726.153839191911,1,0,0,1.0,0.0,0.0
385,4413.311123763658,895,66,1,5,11880.37296527558,0,1,1,0.0,1.0,0.0
386,6148.599798878421,431,67,17,2,8764.9741029143,0,1,1,0.0,1.0,0.0
387,3922.825841855245,724,24,1,4,12383.78328881067,0,2,2,0.0,0.0,1.0
388,6758.447105582931,627,54,8,3,15403.671730739909,0,0,0,1.0,0.0,0.0
389,1000.0,865,44,13,4,22840.53917527802,0,0,0,1.0,0.0,0.0
390,4725.915601802656,302,50,14,4,24783.059502213888,0,0,0,1.0,0.0,0.0
391,3828.096773280901,811,48,19,5,18085.074511461786,1,0,0,1.0,0.0,0.0
392,2640.061442593775,493,44,0,5,11962.00920393785,0,0,0,1.0,0.0,0.0
393,3257.237132215694,793,65,1,5,16928.043684094635,1,1,1,0.0,1.0,0.0
394,6552.474850324848,579,60,0,3,35584.33822593846,1,1,1,0.0,1.0,0.0
395,5240.118102434873,603,33,19,5,13149.326680674689,0,2,2,0.0,0.0,1.0
396,4479.7689345076,703,50,0,3,12842.553240564404,0,0,0,1.0,0.0,0.0
397,5585.457284932936,598,51,13,3,4482.329205539409,0,0,0,1.0,0.0,0.0
398,6842.658623744257,489,59,0,1,15625.552421684872,0,0,0,1.0,0.0,0.0
399,5015.34082250241,484,41,0,3,11344.638072459002,0,0,0,1.0,0.0,0.0
400,6024.658429760342,399,53,9,3,20671.72389416684,0,0,0,1.0,0.0,0.0
401,6375.879404181876,570,25,18,5,17748.6694025224,0,2,2,0.0,0.0,1.0
402,5602.010414370243,757,36,4,1,21247.405117763534,0,0,0,1.0,0.0,0.0
403,3619.7724676523,782,40,7,3,17924.605837417697,1,0,0,1.0,0.0,0.0
404,4605.454171922214,750,33,14,2,24975.691818781685,1,2,2,0.0,0.0,1.0
405,7238.436466815249,671,24,4,3,26545.09103785012,0,2,2,0.0,0.0,1.0
406,2771.365283487081,583,43,13,3,21149.77053186424,0,0,0,1.0,0.0,0.0
407,1996.5686626007848,545,40,18,3,7003.230756009314,0,0,0,1.0,0.0,0.0
408,3526.640604593458,797,22,3,1,12216.989145324122,0,2,2,0.0,0.0,1.0
409,7965.223843755553,541,40,11,2,7564.863787163147,0,0,0,1.0,0.0,0.0
410,5801.293476735231,699,38,8,2,25622.74824811157,0,0,0,1.0,0.0,0.0
411,1864.284951686901,873,53,8,3,12395.916648279375,0,0,0,1.0,0.0,0.0
412,2037.7813121431564,618,30,2,4,13068.66296875926,1,2,2,0.0,0.0,1.0
413,3246.2244402842816,649,37,4,1,5740.83163141863,0,0,0,1.0,0.0,0.0
414,4522.534540577487,536,38,10,2,0.0,0,0,0,1.0,0.0,0.0
415,5534.103425164688,853,42,16,3,25365.014154988883,0,0,0,1.0,0.0,0.0
416,3118.8875134058144,818,51,14,3,18696.3541940647,0,0,0,1.0,0.0,0.0
417,4800.350282173429,870,47,19,2,20812.848073038323,0,0,0,1.0,0.0,0.0
418,4106.379215360131,441,52,4,2,0.0,0,0,0,1.0,0.0,0.0
419,6450.199832315617,323,69,8,2,13501.08884745189,0,1,1,0.0,1.0,0.0
420,1443.6075732333438,518,52,8,3,8021.125715617538,1,0,0,1.0,0.0,0.0
421,5321.059523243328,547,55,9,3,17203.378343003627,0,0,0,1.0,0.0,0.0
422,3783.8150843692392,528,28,18,4,8123.758560633057,0,2,2,0.0,0.0,1.0
423,2870.569304945555,596,40,4,4,22611.89750073226,0,0,0,1.0,0.0,0.0
424,7409.455151897726,706,55,2,5,13806.754163965516,1,0,0,1.0,0.0,0.0
425,7706.386855387988,391,27,16,2,26091.815345390147,0,2,2,0.0,0.0,1.0
426,5313.924724615024,401,44,9,4,851.999010249092,0,0,0,1.0,0.0,0.0
427,4370.171728712514,694,49,13,5,14324.953400759749,0,0,0,1.0,0.0,0.0
428,5547.3884841263325,495,24,6,1,16029.683806772098,0,2,2,0.0,0.0,1.0
429,4462.719810898523,583,18,1,1,901.1357270861608,0,2,2,0.0,0.0,1.0
430,6229.185984761309,875,47,6,3,3382.1663640317984,0,0,0,1.0,0.0,0.0
431,7147.352746874285,695,50,17,5,8071.500691685389,0,0,0,1.0,0.0,0.0
432,5795.940786883345,826,35,18,1,3883.011037002585,1,2,2,0.0,0.0,1.0
433,5402.957280624634,436,44,19,3,14876.279010642817,0,0,0,1.0,0.0,0.0
434,6546.002673836099,805,27,16,3,14235.385792047586,0,2,2,0.0,0.0,1.0
435,8510.761065276683,409,66,4,4,8843.208983012175,0,1,1,0.0,1.0,0.0
436,5237.155896744016,640,65,19,3,15632.957933722875,0,1,1,0.0,1.0,0.0
437,5475.097691737113,304,29,18,2,10147.320941298753,0,2,2,0.0,0.0,1.0
438,4127.666729446754,510,30,17,4,6399.802751906243,0,2,2,0.0,0.0,1.0
439,4882.802002521876,304,46,18,4,21695.0978991711,0,0,0,1.0,0.0,0.0
440,5340.868303750992,855,18,0,2,26436.30747877067,0,2,2,0.0,0.0,1.0
441,8301.943328817886,640,22,4,2,0.0,1,2,2,0.0,0.0,1.0
442,8192.02135967738,730,59,6,2,16178.640268233492,0,0,0,1.0,0.0,0.0
443,7490.323370219699,304,46,7,1,0.0,1,0,0,1.0,0.0,0.0
444,1445.582840817492,860,21,0,1,22732.54522654786,0,2,2,0.0,0.0,1.0
445,4050.135910340776,375,20,5,2,7204.549214174055,0,2,2,0.0,0.0,1.0
446,3605.0939652550633,514,64,3,2,12977.06329397523,0,1,1,0.0,1.0,0.0
447,5443.664535784536,553,43,13,4,6365.272065066898,0,0,0,1.0,0.0,0.0
448,4885.8364971419305,362,45,10,2,4336.583608592286,1,0,0,1.0,0.0,0.0
449,4637.518765899486,533,59,13,1,5810.859323223725,0,0,0,1.0,0.0,0.0
450,5393.14212414414,587,39,11,5,17346.239332898032,0,0,0,1.0,0.0,0.0
451,6753.04717001375,724,45,17,5,12841.689886997656,0,0,0,1.0,0.0,0.0
452,8568.068756451466,839,68,7,4,8641.101091089435,0,1,1,0.0,1.0,0.0
453,5849.710099357638,508,18,15,2,27307.705143884574,0,2,2,0.0,0.0,1.0
454,2520.090354531479,492,53,3,1,6769.813928814941,1,0,0,1.0,0.0,0.0
455,2271.421829471893,660,21,19,1,0.0,0,2,2,0.0,0.0,1.0
456,2607.16076894512,497,68,12,4,18248.419169600973,1,1,1,0.0,1.0,0.0
457,5347.954515783593,614,37,16,1,15948.446131293158,0,0,0,1.0,0.0,0.0
458,4672.60202839186,646,20,11,4,16358.321458441167,0,2,2,0.0,0.0,1.0
459,7987.036521935917,580,60,0,5,24851.2966168665,0,1,1,0.0,1.0,0.0
460,4830.17573815889,348,67,13,2,19909.37356859962,0,1,1,0.0,1.0,0.0
461,5864.05732805736,306,56,8,2,17530.11866787127,1,0,0,1.0,0.0,0.0
462,5670.852054166096,537,33,17,2,34104.07452206743,0,2,2,0.0,0.0,1.0
463,2456.141247697948,780,33,11,5,9030.989675907786,0,2,2,0.0,0.0,1.0
464,5057.367216918293,728,60,17,4,7086.783558434412,0,1,1,0.0,1.0,0.0
465,7308.47819818756,751,28,19,1,14562.976428122687,0,2,2,0.0,0.0,1.0
466,5114.540233229259,648,36,3,1,9304.120367199415,0,0,0,1.0,0.0,0.0
467,5030.464259663249,435,23,8,4,9033.091295408656,0,2,2,0.0,0.0,1.0
468,7176.997351777491,511,49,2,5,9601.604849007144,1,0,0,1.0,0.0,0.0
469,2828.902703087025,867,57,15,2,3018.3360392177674,0,0,0,1.0,0.0,0.0
470,3103.943427036774,621,27,1,3,6546.541450223394,0,2,2,0.0,0.0,1.0
471,3354.722572681837,891,32,18,1,12654.3932134364,0,2,2,0.0,0.0,1.0
472,6497.325879405803,851,67,0,1,14102.278323921944,0,1,1,0.0,1.0,0.0
473,4244.837110915013,771,58,9,2,10464.567336513162,0,0,0,1.0,0.0,0.0
474,3916.516563139794,716,46,5,2,10941.85396900926,0,0,0,1.0,0.0,0.0
475,3643.307115452415,334,58,5,3,6234.223076112516,0,0,0,1.0,0.0,0.0
476,6002.7282601913785,647,39,14,2,6453.745449223821,0,0,0,1.0,0.0,0.0
477,3358.862575831823,390,38,10,3,12963.318076513591,0,0,0,1.0,0.0,0.0
478,1887.5756993863024,445,39,0,1,9664.228478841318,0,0,0,1.0,0.0,0.0
479,1277.5331165242087,537,36,7,1,12507.057798772526,1,0,0,1.0,0.0,0.0
480,6111.068614473735,394,45,3,3,21962.56396657595,0,0,0,1.0,0.0,0.0
481,6729.681523035976,528,41,0,1,20290.73124064209,0,0,0,1.0,0.0,0.0
482,7873.71445677333,522,40,7,5,23225.960230750905,0,0,0,1.0,0.0,0.0
483,5903.859671954847,555,60,3,4,10119.11306267636,1,1,1,0.0,1.0,0.0
484,3916.150328534591,367,35,8,5,20891.719943472155,1,2,2,0.0,0.0,1.0
485,5118.29973143317,799,24,7,1,9448.87812383286,1,2,2,0.0,0.0,1.0
486,3066.695714363381,424,37,6,4,7829.1835384195,0,0,0,1.0,0.0,0.0
487,4032.120625653705,798,41,17,2,26467.775610705,0,0,0,1.0,0.0,0.0
488,3864.8542268955407,720,65,13,3,24438.303409352146,0,1,1,0.0,1.0,0.0
489,6192.065791160937,805,63,0,5,30935.318560227315,0,1,1,0.0,1.0,0.0
490,1957.2431424912388,315,53,4,5,7156.65006276026,0,0,0,1.0,0.0,0.0
491,3904.682741517102,624,42,3,5,0.0,0,0,0,1.0,0.0,0.0
492,4447.281350226982,695,39,4,2,15831.948134381471,0,0,0,1.0,0.0,0.0
493,7421.749255921175,848,27,3,4,1959.776790013639,0,2,2,0.0,0.0,1.0
494,1668.151805928957,661,61,17,5,22431.293657659568,0,1,1,0.0,1.0,0.0
495,7630.848599037637,606,59,18,1,11615.73874645144,0,0,0,1.0,0.0,0.0
496,6334.811045650287,764,51,16,5,19801.86376023472,0,0,0,1.0,0.0,0.0
497,4432.361842131866,801,37,10,2,18908.02429839361,0,0,0,1.0,0.0,0.0
498,4959.147683053361,478,51,4,5,21218.031636201114,0,0,0,1.0,0.0,0.0
499,4345.182561039151,801,33,14,4,27666.147170925826,0,2,2,0.0,0.0,1.0
500,5538.43672791034,376,20,13,4,0.75571026821126,0,2,2,0.0,0.0,1.0
501,2937.041931643422,347,68,11,2,5292.925853711955,0,1,1,0.0,1.0,0.0
502,4849.296325887313,460,65,19,5,30571.068370122597,1,1,1,0.0,1.0,0.0
503,1970.940707459564,516,28,9,4,13494.01774906151,0,2,2,0.0,0.0,1.0
504,9433.985562280974,605,32,13,1,1565.74262235483,1,2,2,0.0,0.0,1.0
505,6543.672763313994,428,32,3,4,4341.045989129536,0,2,2,0.0,0.0,1.0
506,2835.375984515665,850,46,13,4,23173.310877401116,1,0,0,1.0,0.0,0.0
507,6457.460858503788,869,21,8,5,19075.95454252765,0,2,2,0.0,0.0,1.0
508,7575.641593261078,380,67,1,3,27836.8376727039,0,1,1,0.0,1.0,0.0
509,4777.681491097887,788,48,9,4,30844.796769568293,0,0,0,1.0,0.0,0.0
510,6834.615810495029,898,48,8,3,16993.508286825912,1,0,0,1.0,0.0,0.0
511,5057.079821467961,830,64,9,5,22545.88576901648,0,1,1,0.0,1.0,0.0
512,5875.23851333968,543,57,0,4,18029.21249500529,0,0,0,1.0,0.0,0.0
513,5697.218208792314,829,42,9,5,13865.24823930567,0,0,0,1.0,0.0,0.0
514,5109.886894497175,699,65,13,2,15427.469585488529,0,1,1,0.0,1.0,0.0
515,3662.988295828712,335,48,14,2,10912.68505474072,1,0,0,1.0,0.0,0.0
516,7520.511659482422,859,19,0,4,15248.629149340835,0,2,2,0.0,0.0,1.0
517,3048.2372883971066,499,53,8,5,13654.889649953022,0,0,0,1.0,0.0,0.0
518,4558.488409583409,654,54,13,1,11962.594373199056,0,0,0,1.0,0.0,0.0
519,7263.649935029092,880,65,9,3,15757.881271763952,1,1,1,0.0,1.0,0.0
520,5120.606355468959,587,25,1,2,10518.01305732162,0,2,2,0.0,0.0,1.0
521,5113.802381294073,315,35,16,2,21527.51083593645,0,2,2,0.0,0.0,1.0
522,3677.7347414457126,592,25,9,4,16645.27729963858,0,2,2,0.0,0.0,1.0
523,5344.509374528696,641,48,1,5,20045.859269932625,0,0,0,1.0,0.0,0.0
524,6170.681209341196,711,69,5,3,13699.081038115282,0,1,1,0.0,1.0,0.0
525,5716.651800092188,748,19,6,5,7741.404449734581,0,2,2,0.0,0.0,1.0
526,4471.831449915302,857,30,6,3,12609.359461071002,0,2,2,0.0,0.0,1.0
527,1266.0934279224848,759,48,18,4,0.0,0,0,0,1.0,0.0,0.0
528,4087.771962385296,424,28,6,1,17264.225894534306,0,2,2,0.0,0.0,1.0
529,4761.553575088714,673,37,5,5,10407.258720099231,0,0,0,1.0,0.0,0.0
530,4181.640818312573,445,48,5,3,16147.56002213892,0,0,0,1.0,0.0,0.0
531,6807.34596049017,507,21,7,1,13101.914403792098,0,2,2,0.0,0.0,1.0
532,4420.08085709144,667,28,12,1,5455.2864982030205,0,2,2,0.0,0.0,1.0
533,7361.57754126902,869,27,7,3,8182.766597363959,1,2,2,0.0,0.0,1.0
534,3137.301367977648,362,45,8,2,19343.409581593205,0,0,0,1.0,0.0,0.0
535,2218.7712687604144,568,51,12,2,32123.167045922182,0,0,0,1.0,0.0,0.0
536,4391.308399677809,312,40,1,1,7392.184337951542,0,0,0,1.0,0.0,0.0
537,3787.413362972916,588,22,13,2,14354.79321069328,1,2,2,0.0,0.0,1.0
538,6256.980595581576,532,23,14,1,9917.06481857874,0,2,2,0.0,0.0,1.0
539,5161.737352837919,702,62,14,3,11756.86799714854,1,1,1,0.0,1.0,0.0
540,7904.942627073497,869,25,1,4,22053.851460344515,0,2,2,0.0,0.0,1.0
541,3300.313509845889,541,48,19,4,14995.84910041569,0,0,0,1.0,0.0,0.0
542,6557.350639349461,801,64,12,2,19693.712207362736,0,1,1,0.0,1.0,0.0
543,3404.051757983887,421,21,18,5,9468.51762689529,1,2,2,0.0,0.0,1.0
544,5762.847297258021,602,46,8,2,9068.789881213324,0,0,0,1.0,0.0,0.0
545,6565.743018602383,786,64,6,4,10451.279564802677,0,1,1,0.0,1.0,0.0
546,3129.5260082384298,843,59,15,3,0.0,0,0,0,1.0,0.0,0.0
547,6685.5047695216,884,69,1,3,18024.037626984453,0,1,1,0.0,1.0,0.0
548,1368.463512409377,861,67,1,4,14993.822065245273,0,1,1,0.0,1.0,0.0
549,7745.195049559436,869,61,17,5,11225.154914357036,0,1,1,0.0,1.0,0.0
550,6018.787673740598,655,34,12,2,20432.10306028945,0,2,2,0.0,0.0,1.0
551,2598.7988386217344,487,49,17,3,13577.257740385332,0,0,0,1.0,0.0,0.0
552,3917.526567536764,483,66,16,4,15560.380043035317,1,1,1,0.0,1.0,0.0
553,2461.956408957735,401,26,11,5,26617.764114192654,0,2,2,0.0,0.0,1.0
554,6986.194134515718,658,40,0,3,22644.876714681403,1,0,0,1.0,0.0,0.0
555,6800.22191521448,512,32,16,2,10948.856184531003,1,2,2,0.0,0.0,1.0
556,6378.358889132191,600,18,7,2,22784.330093431297,0,2,2,0.0,0.0,1.0
557,6506.099561538262,710,63,6,4,3942.4529160998536,0,1,1,0.0,1.0,0.0
558,5009.110911959613,534,37,15,3,23202.167453173795,0,0,0,1.0,0.0,0.0
559,4320.434935661918,389,30,2,1,11749.531953014162,0,2,2,0.0,0.0,1.0
560,7888.035342427188,814,47,4,5,17181.436108884216,0,0,0,1.0,0.0,0.0
561,2180.7848990891093,644,61,12,5,22471.12379260479,0,1,1,0.0,1.0,0.0
562,7706.651766877535,362,67,3,4,12484.992313880372,0,1,1,0.0,1.0,0.0
563,6362.542882942616,592,32,1,3,21220.69193578448,0,2,2,0.0,0.0,1.0
564,6447.513442594173,591,22,14,2,25154.61427790013,0,2,2,0.0,0.0,1.0
565,4457.645613133177,500,62,13,1,18728.82487190427,0,1,1,0.0,1.0,0.0
566,7231.301235280521,681,26,12,4,15182.569743977258,0,2,2,0.0,0.0,1.0
567,4252.850226839277,601,26,11,1,27187.5077114414,0,2,2,0.0,0.0,1.0
568,4819.986668194113,567,59,12,2,6921.856247366225,0,0,0,1.0,0.0,0.0
569,8806.820911202944,393,56,19,4,21467.168568504483,0,0,0,1.0,0.0,0.0
570,2885.059380572167,549,33,12,2,22477.993322374576,0,2,2,0.0,0.0,1.0
571,6776.808996387401,671,64,9,5,3410.986012012141,0,1,1,0.0,1.0,0.0
572,5588.818917857533,451,37,12,2,12068.208941240562,1,0,0,1.0,0.0,0.0
573,4056.140378067301,354,28,14,1,13244.07609562889,1,2,2,0.0,0.0,1.0
574,5377.836008040334,383,55,4,3,13197.43951125524,0,0,0,1.0,0.0,0.0
575,3286.6025445520545,345,43,17,4,17836.51848739471,0,0,0,1.0,0.0,0.0
576,6975.221692285291,737,40,0,4,7272.539956962976,1,0,0,1.0,0.0,0.0
577,4167.543080975681,815,59,15,2,14290.865347571436,0,0,0,1.0,0.0,0.0
578,2497.9307616302563,751,63,5,5,15734.368194968154,0,1,1,0.0,1.0,0.0
579,4284.632918398258,798,64,17,1,11345.627570671262,0,1,1,0.0,1.0,0.0
580,8422.006317118332,517,34,16,2,20717.670906434552,0,2,2,0.0,0.0,1.0
581,3833.036940312163,823,36,0,2,16069.220167814934,0,0,0,1.0,0.0,0.0
582,2804.7631471625004,876,61,19,1,27250.08235965346,0,1,1,0.0,1.0,0.0
583,7174.00076721818,549,56,1,3,0.0,1,0,0,1.0,0.0,0.0
584,4406.281955733639,430,68,1,1,26691.144458817715,0,1,1,0.0,1.0,0.0
585,3863.606668865573,553,65,17,5,26653.27390540525,0,1,1,0.0,1.0,0.0
586,7156.52802727908,447,56,16,2,16977.592917644964,0,0,0,1.0,0.0,0.0
587,5447.13314580814,788,42,5,2,15654.660117304084,1,0,0,1.0,0.0,0.0
588,6375.169804312128,806,29,7,3,11885.742218641664,0,2,2,0.0,0.0,1.0
589,5996.044954124278,885,59,15,4,14564.282812493546,0,0,0,1.0,0.0,0.0
590,7524.158424263875,685,64,18,4,25379.983294244557,1,1,1,0.0,1.0,0.0
591,3985.582014331105,564,31,13,2,26469.438798846702,0,2,2,0.0,0.0,1.0
592,4779.6930392861,750,18,11,1,1268.0183531346756,1,2,2,0.0,0.0,1.0
593,5163.269440217576,387,39,18,5,9369.871791491209,0,0,0,1.0,0.0,0.0
594,4807.561705172688,867,36,0,4,11496.925870931158,0,0,0,1.0,0.0,0.0
595,3515.5968395536192,547,46,5,2,23048.30249287425,0,0,0,1.0,0.0,0.0
596,6536.23548655746,521,48,14,2,23848.236586103165,0,0,0,1.0,0.0,0.0
597,1919.261912054349,725,45,16,4,15525.162129056316,0,0,0,1.0,0.0,0.0
598,7230.454985311581,551,52,14,1,19828.74435043604,0,0,0,1.0,0.0,0.0
599,8385.134421602395,653,69,13,4,11496.981474297194,0,1,1,0.0,1.0,0.0
600,4305.994663541154,894,46,5,1,27443.841346898727,0,0,0,1.0,0.0,0.0
601,3282.753236171302,893,49,14,3,12825.320747147434,0,0,0,1.0,0.0,0.0
602,8996.752838821381,347,59,8,4,4238.626852107158,0,0,0,1.0,0.0,0.0
603,3718.07070881732,564,18,7,3,22229.702800519783,1,2,2,0.0,0.0,1.0
604,6129.153817092842,553,23,1,5,641.4790772993529,0,2,2,0.0,0.0,1.0
605,3533.60267414842,731,41,19,4,23117.9779549411,0,0,0,1.0,0.0,0.0
606,7950.841937207998,678,19,14,3,12989.84081405499,0,2,2,0.0,0.0,1.0
607,3578.6711663187853,439,47,17,2,16691.797123197743,0,0,0,1.0,0.0,0.0
608,5724.021334260272,645,65,17,4,20447.774079199928,0,1,1,0.0,1.0,0.0
609,4938.332288325009,334,64,13,4,13397.583360655624,0,1,1,0.0,1.0,0.0
610,3663.857988122796,728,40,18,1,5226.525123513777,0,0,0,1.0,0.0,0.0
611,2038.5949070598333,682,68,2,3,18839.10792191845,1,1,1,0.0,1.0,0.0
612,3584.99128883067,605,23,13,4,0.0,0,2,2,0.0,0.0,1.0
613,6048.271423894898,384,38,19,4,19413.839704266626,0,0,0,1.0,0.0,0.0
614,2587.865279242033,780,32,0,1,14174.92127731335,0,2,2,0.0,0.0,1.0
615,5650.01525761192,529,25,18,1,24226.11303696317,0,2,2,0.0,0.0,1.0
616,5083.1536913414,430,65,14,4,22137.361332026103,0,1,1,0.0,1.0,0.0
617,3005.799727818556,423,47,4,1,5390.132511938775,0,0,0,1.0,0.0,0.0
618,7413.486711225121,339,18,11,5,19008.308264115403,0,2,2,0.0,0.0,1.0
619,7761.250640712649,336,44,19,5,15265.243331110696,0,0,0,1.0,0.0,0.0
620,6822.54915443233,341,47,0,4,22231.11067732157,0,0,0,1.0,0.0,0.0
621,2954.36367842588,646,53,19,2,26040.834957044885,0,0,0,1.0,0.0,0.0
622,4180.566934943434,576,36,16,3,12314.822835900335,0,0,0,1.0,0.0,0.0
623,2234.5322242639177,425,26,13,5,9208.612952738724,0,2,2,0.0,0.0,1.0
624,2042.288365366716,702,53,12,2,24104.003125703523,0,0,0,1.0,0.0,0.0
625,2555.3872708445465,626,21,19,2,15236.650576341664,0,2,2,0.0,0.0,1.0
626,8806.96609090734,704,51,13,2,2604.928455980534,1,0,0,1.0,0.0,0.0
627,7124.222765084105,616,69,9,1,11183.27361988662,1,1,1,0.0,1.0,0.0
628,2057.712501838906,617,47,19,4,26532.14152695325,1,0,0,1.0,0.0,0.0
629,4598.47532464294,871,45,19,1,18484.77737505513,0,0,0,1.0,0.0,0.0
630,4328.351233557195,456,42,7,1,9734.814296834773,0,0,0,1.0,0.0,0.0
631,3709.5634052328737,518,41,15,5,0.0,0,0,0,1.0,0.0,0.0
632,2212.0855718540174,839,21,12,1,5781.0371889187645,0,2,2,0.0,0.0,1.0
633,5025.8723943395,541,31,14,1,25340.976724216216,0,2,2,0.0,0.0,1.0
634,5243.797911196693,693,62,0,5,10212.33484649955,1,1,1,0.0,1.0,0.0
635,4912.266031848173,509,58,0,3,11937.42581868676,0,0,0,1.0,0.0,0.0
636,6643.156584283331,760,58,5,5,12334.32581166912,0,0,0,1.0,0.0,0.0
637,4168.939671753748,803,58,9,4,15050.217046457974,1,0,0,1.0,0.0,0.0
638,2944.4863218940154,735,28,2,4,24224.27080862806,0,2,2,0.0,0.0,1.0
639,5203.24231145452,837,54,7,5,9770.132136148328,0,0,0,1.0,0.0,0.0
640,6279.953661134419,777,55,0,1,12490.531939460614,0,0,0,1.0,0.0,0.0
641,2450.055434916012,454,44,6,5,21878.420966926,0,0,0,1.0,0.0,0.0
642,2115.630819052446,390,35,12,2,20529.402891630703,0,2,2,0.0,0.0,1.0
643,5924.038710306997,870,56,16,1,18622.59373180225,0,0,0,1.0,0.0,0.0
644,3885.461651941911,437,65,18,3,12125.865699302776,0,1,1,0.0,1.0,0.0
645,5621.89377061505,740,33,6,2,10357.00271469605,0,2,2,0.0,0.0,1.0
646,5589.513624565073,754,59,19,3,14994.58843928473,0,0,0,1.0,0.0,0.0
647,1000.0,770,66,4,2,29642.534800359917,0,1,1,0.0,1.0,0.0
648,6425.94140141807,518,46,8,1,2064.252760710852,0,0,0,1.0,0.0,0.0
649,4874.057209669277,885,58,9,5,8358.815913000886,0,0,0,1.0,0.0,0.0
650,2834.63228180257,480,23,1,1,15526.44602823002,0,2,2,0.0,0.0,1.0
651,6880.154707685188,801,46,12,5,14466.834136239626,0,0,0,1.0,0.0,0.0
652,6591.029704590401,406,18,6,5,1685.808594746637,0,2,2,0.0,0.0,1.0
653,7825.4104762983325,468,27,8,1,21699.72847271656,0,2,2,0.0,0.0,1.0
654,4063.493443435517,377,58,8,2,30690.53931674,1,0,0,1.0,0.0,0.0
655,4809.229350438963,589,30,18,1,11907.345696364766,0,2,2,0.0,0.0,1.0
656,4775.701485558129,451,40,1,1,17027.918720200087,1,0,0,1.0,0.0,0.0
657,4627.877168431858,411,55,3,1,17100.689158846602,1,0,0,1.0,0.0,0.0
658,6199.871806912966,632,35,2,5,11119.98853778157,0,2,2,0.0,0.0,1.0
659,4379.9871677792,333,56,11,3,3983.88967746372,0,0,0,1.0,0.0,0.0
660,7587.768396261856,555,34,10,1,14455.65977142298,1,2,2,0.0,0.0,1.0
661,6693.606547294426,486,36,15,5,22159.42274429245,0,0,0,1.0,0.0,0.0
662,3340.803807272836,878,39,11,4,4063.0171676016816,0,0,0,1.0,0.0,0.0
663,5343.606718251092,863,21,13,4,13376.13804225956,0,2,2,0.0,0.0,1.0
664,8153.28830905243,568,18,18,2,7911.968981593674,0,2,2,0.0,0.0,1.0
665,6899.149365208999,889,51,2,5,20516.82214990835,0,0,0,1.0,0.0,0.0
666,6759.491581500671,699,23,14,5,47.241688697236896,0,2,2,0.0,0.0,1.0
667,2494.016535440635,811,35,19,3,23040.98695905266,0,2,2,0.0,0.0,1.0
668,4571.673178045444,332,42,17,2,9509.119254534791,0,0,0,1.0,0.0,0.0
669,5526.937598039178,678,39,16,3,7980.400846397132,0,0,0,1.0,0.0,0.0
670,5570.9314077057925,590,37,1,3,10876.98837404379,0,0,0,1.0,0.0,0.0
671,4978.450694674103,780,20,11,4,18664.14196827993,0,2,2,0.0,0.0,1.0
672,3465.937536424347,788,47,4,3,0.0,0,0,0,1.0,0.0,0.0
673,12433.97247611911,799,27,5,3,25624.58795402301,0,2,2,0.0,0.0,1.0
674,7047.10745357109,398,36,2,5,32770.877092677656,0,0,0,1.0,0.0,0.0
675,6776.391577701215,434,47,12,1,15928.272076893909,0,0,0,1.0,0.0,0.0
676,8830.634782573201,441,51,4,1,21427.02493394,0,0,0,1.0,0.0,0.0
677,1451.0101269075694,452,24,1,2,20062.862548903275,1,2,2,0.0,0.0,1.0
678,7101.223259883351,451,44,18,2,22710.265677629897,0,0,0,1.0,0.0,0.0
679,9085.989666996444,862,47,5,1,16422.738893371767,1,0,0,1.0,0.0,0.0
680,1000.0,579,55,19,4,11270.73993969618,0,0,0,1.0,0.0,0.0
681,3263.4940417901794,545,62,13,1,0.0,0,1,1,0.0,1.0,0.0
682,1737.9684983529492,433,30,10,2,17206.98354709233,0,2,2,0.0,0.0,1.0
683,6808.724536219172,370,65,1,5,8027.687843116453,0,1,1,0.0,1.0,0.0
684,1000.0,851,60,0,3,13350.125106399057,1,1,1,0.0,1.0,0.0
685,4007.885293603292,328,54,10,1,17664.10045208079,0,0,0,1.0,0.0,0.0
686,4040.8371114871247,577,41,9,2,14003.503871731971,0,0,0,1.0,0.0,0.0
687,1000.0,567,42,7,5,15310.673428389788,0,0,0,1.0,0.0,0.0
688,5438.764490396006,736,31,15,1,16767.585600002094,0,2,2,0.0,0.0,1.0
689,9345.780591845769,709,19,7,5,13649.31192743428,0,2,2,0.0,0.0,1.0
690,7088.348011049837,885,36,19,5,18889.153416285917,0,0,0,1.0,0.0,0.0
691,8466.558938714456,885,39,15,1,28714.961779381185,0,0,0,1.0,0.0,0.0
692,7394.2164208235745,885,31,17,4,8646.892546803563,0,2,2,0.0,0.0,1.0
693,4465.833781829036,405,40,4,5,1242.8979155940888,1,0,0,1.0,0.0,0.0
694,8206.591268244534,772,60,9,5,17310.13441552052,0,1,1,0.0,1.0,0.0
695,4761.761966447376,659,25,12,2,16210.78608499802,1,2,2,0.0,0.0,1.0
696,6158.068456440862,359,22,10,2,19680.91546371016,0,2,2,0.0,0.0,1.0
697,3530.096706898741,638,44,13,2,8105.326195467216,0,0,0,1.0,0.0,0.0
698,3884.5360607243374,403,52,5,1,23060.004619447594,0,0,0,1.0,0.0,0.0
699,5354.115324748918,588,59,0,2,6885.701881250503,0,0,0,1.0,0.0,0.0
700,5518.38501573513,513,25,1,5,29303.968331919976,0,2,2,0.0,0.0,1.0
701,4749.13877787353,445,59,19,5,10371.403362230643,0,0,0,1.0,0.0,0.0
702,4804.307690873643,665,21,16,2,14865.80293694672,0,2,2,0.0,0.0,1.0
703,1000.0,679,38,12,5,12968.51344013412,0,0,0,1.0,0.0,0.0
704,3404.259105034276,779,43,5,3,4305.354516755107,0,0,0,1.0,0.0,0.0
705,5416.772980069556,406,56,19,5,25269.53106290551,0,0,0,1.0,0.0,0.0
706,5689.625625118064,781,27,4,5,24229.31032912197,1,2,2,0.0,0.0,1.0
707,8297.36228142165,380,68,11,3,15074.452725519206,0,1,1,0.0,1.0,0.0
708,4836.213631593932,568,59,17,3,27263.938486167437,0,0,0,1.0,0.0,0.0
709,5540.459453601518,477,26,14,5,13613.005543535835,1,2,2,0.0,0.0,1.0
710,4230.643069510982,634,68,16,1,1836.509894935003,0,1,1,0.0,1.0,0.0
711,2162.235253431892,665,30,2,2,6203.8175015097295,0,2,2,0.0,0.0,1.0
712,5247.2469695111895,329,40,14,4,25965.78307745971,1,0,0,1.0,0.0,0.0
713,3820.716633782973,706,63,8,4,16689.411018161285,0,1,1,0.0,1.0,0.0
714,2087.232019040204,408,45,10,5,18142.54461880793,0,0,0,1.0,0.0,0.0
715,5306.595494477589,397,51,18,5,9588.751479380186,0,0,0,1.0,0.0,0.0
716,6640.237641203919,344,49,2,2,25407.924224801944,0,0,0,1.0,0.0,0.0
717,5543.302442519464,606,42,13,2,19678.935895755807,0,0,0,1.0,0.0,0.0
718,1368.1826890799748,590,54,6,3,0.0,0,0,0,1.0,0.0,0.0
719,5010.021180012449,593,63,13,5,349.5208449271777,0,1,1,0.0,1.0,0.0
720,6425.938586640026,850,29,11,3,18369.081137868,0,2,2,0.0,0.0,1.0
721,6865.743604522315,705,59,14,2,16415.288314367564,0,0,0,1.0,0.0,0.0
722,7171.63504779806,676,53,19,1,12224.858356977214,1,0,0,1.0,0.0,0.0
723,6228.786942135391,862,65,7,5,7688.204927268011,0,1,1,0.0,1.0,0.0
724,4825.653261505886,536,64,17,2,18522.88379158025,0,1,1,0.0,1.0,0.0
725,3142.1918729580584,643,55,5,3,29452.66407764689,0,0,0,1.0,0.0,0.0
726,2852.92542132206,654,46,12,2,28053.870555316927,0,0,0,1.0,0.0,0.0
727,4591.561113183685,514,36,17,4,14304.001904338278,0,0,0,1.0,0.0,0.0
728,7205.322141313132,886,19,5,5,26105.35642628904,0,2,2,0.0,0.0,1.0
729,1000.0,447,42,6,2,0.0,0,0,0,1.0,0.0,0.0
730,6451.141590786626,541,57,14,2,13154.95447807348,0,0,0,1.0,0.0,0.0
731,7047.340645158037,821,47,12,4,18107.05888295497,0,0,0,1.0,0.0,0.0
732,3537.0988153061926,789,68,11,1,8290.905700473155,0,1,1,0.0,1.0,0.0
733,6317.323181303648,833,57,3,1,25260.013055424897,0,0,0,1.0,0.0,0.0
734,4497.112009532099,845,22,12,3,7684.973278123722,0,2,2,0.0,0.0,1.0
735,6396.615091175157,401,38,8,4,17969.906416602735,0,0,0,1.0,0.0,0.0
736,2084.583772972104,748,51,9,3,17074.435221218504,0,0,0,1.0,0.0,0.0
737,5419.916923701626,490,60,17,5,13789.001164993915,0,1,1,0.0,1.0,0.0
738,10612.15121962486,319,61,10,3,20372.28569534421,1,1,1,0.0,1.0,0.0
739,4082.4044404435103,840,48,19,4,13485.112767114795,0,0,0,1.0,0.0,0.0
740,4074.119552697718,398,30,19,3,1897.8897854929528,0,2,2,0.0,0.0,1.0
741,2477.6461747138146,820,51,4,4,12517.041132305025,0,0,0,1.0,0.0,0.0
742,4887.635362971047,762,53,16,4,15975.886735350388,0,0,0,1.0,0.0,0.0
743,3593.630357939461,755,27,19,4,6302.669719354588,0,2,2,0.0,0.0,1.0
744,2635.351864927051,515,65,18,4,15330.376281419098,0,1,1,0.0,1.0,0.0
745,9076.28837251565,398,58,4,2,9037.19040713607,0,0,0,1.0,0.0,0.0
746,2806.39197224795,464,51,1,2,15107.93528468988,0,0,0,1.0,0.0,0.0
747,5706.669011020583,775,30,14,3,25193.676798127068,0,2,2,0.0,0.0,1.0
748,2512.8150636458604,700,44,17,1,18225.54515371132,0,0,0,1.0,0.0,0.0
749,3618.4243461797473,695,56,3,5,17229.37681984431,0,0,0,1.0,0.0,0.0
750,5578.279966534244,700,26,7,5,15701.58418625532,0,2,2,0.0,0.0,1.0
751,4753.0979986772045,836,19,16,4,15322.888420791503,0,2,2,0.0,0.0,1.0
752,3118.3488165685576,345,29,15,5,0.0,0,2,2,0.0,0.0,1.0
753,5544.737783887712,771,56,17,4,0.0,0,0,0,1.0,0.0,0.0
754,3182.1942023079587,616,68,2,2,15321.198901521751,0,1,1,0.0,1.0,0.0
755,4908.877894744181,524,39,11,4,20694.16946233016,0,0,0,1.0,0.0,0.0
756,7908.179335212331,504,30,1,1,11735.776465377969,0,2,2,0.0,0.0,1.0
757,3295.921818605231,554,18,15,4,13863.11483397558,0,2,2,0.0,0.0,1.0
758,5349.251758016832,598,54,0,2,14540.42193105255,0,0,0,1.0,0.0,0.0
759,7425.88811887741,301,29,2,2,15831.151372338009,0,2,2,0.0,0.0,1.0
760,3521.9034469965973,464,31,17,4,19577.492358953623,0,2,2,0.0,0.0,1.0
761,5551.471587773232,870,59,10,1,14429.847854228348,0,0,0,1.0,0.0,0.0
762,2476.6091982267776,377,37,10,5,23545.34891729519,0,0,0,1.0,0.0,0.0
763,5982.425225672821,408,56,4,5,34307.99825340751,0,0,0,1.0,0.0,0.0
764,5739.116350532087,343,19,15,1,28794.709969441028,0,2,2,0.0,0.0,1.0
765,5695.288643827696,849,67,10,4,9090.482922887735,0,1,1,0.0,1.0,0.0
766,8257.070312196338,434,20,13,2,11737.256191302167,0,2,2,0.0,0.0,1.0
767,4884.145087869695,698,24,17,5,29478.241930565724,0,2,2,0.0,0.0,1.0
768,3668.055978015424,854,44,4,3,12215.883416081037,0,0,0,1.0,0.0,0.0
769,1703.9662605621484,372,44,9,3,9451.066232493544,0,0,0,1.0,0.0,0.0
770,5693.305618831247,675,64,10,3,28596.582752822163,0,1,1,0.0,1.0,0.0
771,5193.229333101922,397,51,18,5,8260.993732731858,0,0,0,1.0,0.0,0.0
772,1926.4374171357797,333,30,19,1,21402.43196357541,1,2,2,0.0,0.0,1.0
773,4358.89533529194,697,23,1,4,22246.63739182809,0,2,2,0.0,0.0,1.0
774,3146.985895110938,796,61,2,2,18653.002438466818,0,1,1,0.0,1.0,0.0
775,4134.73884077845,622,45,2,5,19570.23156790175,0,0,0,1.0,0.0,0.0
776,6619.4191885996,735,65,4,5,998.9570485376662,0,1,1,0.0,1.0,0.0
777,4647.412360860528,362,68,18,2,26107.53520023662,0,1,1,0.0,1.0,0.0
778,4218.791003178892,553,28,0,1,9259.026242503674,1,2,2,0.0,0.0,1.0
779,6085.142468896614,744,19,14,2,17370.816335297364,1,2,2,0.0,0.0,1.0
780,4576.534002025032,652,37,6,1,15599.0582669582,0,0,0,1.0,0.0,0.0
781,6841.01871325467,610,22,11,4,4980.57550665276,1,2,2,0.0,0.0,1.0
782,4304.952675095841,587,59,2,4,19974.43654725096,0,0,0,1.0,0.0,0.0
783,7265.87505909402,872,52,9,4,17354.741137440964,0,0,0,1.0,0.0,0.0
784,6890.081667927319,882,44,19,4,6774.629604545973,0,0,0,1.0,0.0,0.0
785,3694.4596460072735,744,25,12,1,24067.333898681285,0,2,2,0.0,0.0,1.0
786,2809.323532852382,816,40,14,3,12545.65258256212,0,0,0,1.0,0.0,0.0
787,3488.0284699495187,341,55,14,4,27089.50940705093,1,0,0,1.0,0.0,0.0
788,3702.980852768935,552,27,6,4,16408.77646088045,0,2,2,0.0,0.0,1.0
789,4409.954691990678,695,63,5,3,11306.866776859486,0,1,1,0.0,1.0,0.0
790,3565.516450827492,751,33,0,3,10154.09439427787,1,2,2,0.0,0.0,1.0
791,5110.571468865815,765,50,7,1,11568.834204791534,0,0,0,1.0,0.0,0.0
792,4849.508156408447,305,56,17,1,17193.188017107965,0,0,0,1.0,0.0,0.0
793,7060.066731120647,853,26,19,4,0.9023023562804156,0,2,2,0.0,0.0,1.0
794,2398.2650847938016,537,24,12,3,24585.31834932566,0,2,2,0.0,0.0,1.0
795,2602.9069082560663,817,55,6,5,16850.19178461693,0,0,0,1.0,0.0,0.0
796,3476.917272545281,655,51,8,5,8427.688054139262,0,0,0,1.0,0.0,0.0
797,2448.6368547402044,811,36,12,3,14987.659577512231,0,0,0,1.0,0.0,0.0
798,10739.553802019736,609,64,7,4,1379.592536358803,0,1,1,0.0,1.0,0.0
799,5752.955016404437,356,60,5,4,24833.15632115224,0,1,1,0.0,1.0,0.0
800,5946.620973333466,780,23,3,1,16809.873505728014,0,2,2,0.0,0.0,1.0
801,4371.377353689146,841,47,17,3,8128.834231962207,0,0,0,1.0,0.0,0.0
802,7311.798228484109,536,23,19,5,14309.445855692937,1,2,2,0.0,0.0,1.0
803,5940.3446982549385,665,68,1,4,13336.845604983377,0,1,1,0.0,1.0,0.0
804,6270.632892346165,315,38,8,4,17611.44500787987,0,0,0,1.0,0.0,0.0
805,6617.36976738057,544,35,6,5,14966.092207040643,0,2,2,0.0,0.0,1.0
806,5760.353546391057,618,23,5,1,7203.890433361291,0,2,2,0.0,0.0,1.0
807,4292.686116595272,872,30,15,2,12424.801331934705,0,2,2,0.0,0.0,1.0
808,5492.128324124708,633,50,4,4,7830.676495024333,1,0,0,1.0,0.0,0.0
809,7846.811725715685,747,22,13,3,24125.15212723367,0,2,2,0.0,0.0,1.0
810,7583.610081958244,834,56,9,5,19252.42764445109,0,0,0,1.0,0.0,0.0
811,6123.9246910069705,721,36,1,2,23577.198999385604,0,0,0,1.0,0.0,0.0
812,6985.497413308893,666,42,4,4,12713.95541510259,0,0,0,1.0,0.0,0.0
813,5956.363525930783,848,22,7,1,15643.360370407316,0,2,2,0.0,0.0,1.0
814,7601.01619687299,530,37,9,1,10645.285874557589,0,0,0,1.0,0.0,0.0
815,4768.983589224288,741,32,1,5,5412.156649719353,0,2,2,0.0,0.0,1.0
816,3764.815579371432,798,43,9,5,1048.3982201056842,0,0,0,1.0,0.0,0.0
817,2839.760369514456,877,20,11,2,0.0,0,2,2,0.0,0.0,1.0
818,4473.044842963042,748,28,7,1,18005.56578471511,0,2,2,0.0,0.0,1.0
819,3619.241598494691,593,41,5,5,1732.9495724982244,0,0,0,1.0,0.0,0.0
820,8405.114531264275,751,33,4,4,18453.362438970296,0,2,2,0.0,0.0,1.0
821,5468.318223741494,349,33,11,4,2900.820147310625,1,2,2,0.0,0.0,1.0
822,5424.385847184592,480,41,10,4,20323.70590924266,0,0,0,1.0,0.0,0.0
823,5661.448175896103,805,22,4,4,13325.52068480246,0,2,2,0.0,0.0,1.0
824,3868.067656778078,457,25,18,1,25618.195764054923,0,2,2,0.0,0.0,1.0
825,4171.144173551671,844,40,6,2,15467.24023983229,0,0,0,1.0,0.0,0.0
826,2674.2721273338943,657,62,18,3,9564.217440785133,0,1,1,0.0,1.0,0.0
827,2932.5527144415573,353,31,1,4,26099.996249005628,0,2,2,0.0,0.0,1.0
828,5530.365512433622,614,44,1,2,9087.852117924596,0,0,0,1.0,0.0,0.0
829,6823.365086763741,554,47,2,1,22142.72566545527,1,0,0,1.0,0.0,0.0
830,7210.282924374553,358,50,14,1,15930.590272740734,0,0,0,1.0,0.0,0.0
831,2933.614989340776,428,49,8,3,25775.397575687577,0,0,0,1.0,0.0,0.0
832,5744.0435243616685,482,33,15,5,19937.351659231663,0,2,2,0.0,0.0,1.0
833,6150.692402817824,314,18,9,1,8301.84776157764,0,2,2,0.0,0.0,1.0
834,6845.717687388988,636,65,10,3,5881.871031064966,0,1,1,0.0,1.0,0.0
835,7273.880577240877,553,51,1,2,18451.300210263988,0,0,0,1.0,0.0,0.0
836,3410.9375962108893,810,41,4,2,11037.047772162045,0,0,0,1.0,0.0,0.0
837,3417.0684175606475,596,29,8,2,5514.877076403645,0,2,2,0.0,0.0,1.0
838,5552.619815882077,723,26,1,5,17495.189705813533,0,2,2,0.0,0.0,1.0
839,6349.676182004022,860,52,11,1,9835.038648346192,0,0,0,1.0,0.0,0.0
840,1820.0942255959508,369,45,11,5,18612.06247697384,0,0,0,1.0,0.0,0.0
841,4912.963904865002,410,38,5,3,5274.585190745727,1,0,0,1.0,0.0,0.0
842,6486.052636028573,693,69,7,2,37599.571773856456,0,1,1,0.0,1.0,0.0
843,4754.376345329431,489,54,6,1,12617.090065550376,0,0,0,1.0,0.0,0.0
844,3084.0711405000266,692,39,18,1,20920.08148303055,1,0,0,1.0,0.0,0.0
845,2485.226534488177,426,49,16,4,6493.902472019727,0,0,0,1.0,0.0,0.0
846,5189.401487244737,367,49,8,4,18283.493413574222,0,0,0,1.0,0.0,0.0
847,3780.151735722222,417,52,12,3,19088.680138473625,0,0,0,1.0,0.0,0.0
848,2964.9184860528685,366,30,6,2,1472.7929694418362,0,2,2,0.0,0.0,1.0
849,7070.584838579859,657,21,9,5,23422.590936863635,1,2,2,0.0,0.0,1.0
850,3951.013948749724,826,26,6,1,19312.17428598174,0,2,2,0.0,0.0,1.0
851,5711.038206596736,383,47,14,4,16992.608049907874,0,0,0,1.0,0.0,0.0
852,7459.829249231365,623,30,5,5,9182.582352606412,0,2,2,0.0,0.0,1.0
853,4927.0023118169465,561,46,5,4,0.0,0,0,0,1.0,0.0,0.0
854,7238.991881711824,347,25,6,5,20609.834875067223,0,2,2,0.0,0.0,1.0
855,2045.1089894004049,329,64,10,2,14914.798418581246,0,1,1,0.0,1.0,0.0
856,4819.374870007056,561,31,12,1,9666.328688374828,1,2,2,0.0,0.0,1.0
857,1547.3898510899517,346,44,12,3,7935.094732745919,1,0,0,1.0,0.0,0.0
858,4698.454999171201,758,36,19,5,8270.852279019702,0,0,0,1.0,0.0,0.0
859,4643.395641308938,412,35,12,4,21346.53991979105,1,2,2,0.0,0.0,1.0
860,2889.5301237952367,650,22,7,3,8098.04867376922,0,2,2,0.0,0.0,1.0
861,4714.420162133157,612,57,15,3,23345.846486102688,0,0,0,1.0,0.0,0.0
862,3902.013192036746,678,21,14,3,12754.602668747775,0,2,2,0.0,0.0,1.0
863,3724.556912426064,833,34,2,5,19567.420042152648,0,2,2,0.0,0.0,1.0
864,6621.895699046251,574,55,12,2,16949.461611620838,0,0,0,1.0,0.0,0.0
865,4441.313680801129,879,38,0,2,11463.938476556645,0,0,0,1.0,0.0,0.0
866,3120.655276801872,537,30,12,3,4178.622980353672,0,2,2,0.0,0.0,1.0
867,6124.327385124733,358,28,6,4,8017.811878247591,0,2,2,0.0,0.0,1.0
868,5937.236596857485,344,60,13,3,13654.444896231678,0,1,1,0.0,1.0,0.0
869,6013.359681649351,780,55,9,4,5363.408614969321,0,0,0,1.0,0.0,0.0
870,3644.933068203388,496,40,10,2,31758.60273728564,0,0,0,1.0,0.0,0.0
871,7704.241714289561,462,38,19,2,1331.9119315361386,1,0,0,1.0,0.0,0.0
872,8360.573938460573,645,62,1,1,33234.70763955092,0,1,1,0.0,1.0,0.0
873,4720.683407906059,677,23,0,1,4526.014420195474,0,2,2,0.0,0.0,1.0
874,5988.149340283207,600,45,9,3,13684.256433994298,0,0,0,1.0,0.0,0.0
875,4387.461765375898,707,35,15,4,26356.65674684464,0,2,2,0.0,0.0,1.0
876,6777.6128781013695,844,29,1,5,17178.481933308853,0,2,2,0.0,0.0,1.0
877,3773.149510984303,779,30,5,5,14466.89413529678,0,2,2,0.0,0.0,1.0
878,7553.516442200449,875,54,5,2,29074.161828946228,0,0,0,1.0,0.0,0.0
879,9127.0195327088,445,21,17,3,14064.990937414388,1,2,2,0.0,0.0,1.0
880,6981.352164540054,850,56,3,2,7908.871071120622,0,0,0,1.0,0.0,0.0
881,4382.740103372889,605,47,16,2,27848.39588809584,0,0,0,1.0,0.0,0.0
882,2956.0866308289924,638,42,11,4,12853.450709509032,0,0,0,1.0,0.0,0.0
883,3285.114809973209,846,32,16,2,15700.588103645176,0,2,2,0.0,0.0,1.0
884,7232.75784776814,709,28,8,2,17309.02626929015,0,2,2,0.0,0.0,1.0
885,4160.8084381262,427,22,5,2,16728.439145521214,0,2,2,0.0,0.0,1.0
886,6073.861294792925,761,69,10,4,28609.571182912336,0,1,1,0.0,1.0,0.0
887,3661.172533200212,418,55,17,5,17550.559697264984,0,0,0,1.0,0.0,0.0
888,2879.881469001965,648,44,9,2,10756.783078226304,0,0,0,1.0,0.0,0.0
889,4057.5125349566383,786,29,11,1,25196.1357668222,1,2,2,0.0,0.0,1.0
890,2709.671804942447,753,24,1,3,18304.451424120954,0,2,2,0.0,0.0,1.0
891,5333.59000713259,790,47,11,5,1050.4250953131832,1,0,0,1.0,0.0,0.0
892,7226.495440037032,880,46,0,4,29137.00989140577,0,0,0,1.0,0.0,0.0
893,3728.8978505160408,537,35,13,2,13376.09922435908,0,2,2,0.0,0.0,1.0
894,4004.5531233769366,625,51,9,2,5442.406722484424,0,0,0,1.0,0.0,0.0
895,2819.8642048787374,747,45,18,4,18562.79829675924,0,0,0,1.0,0.0,0.0
896,8194.211305855315,896,45,17,3,10613.85373728562,0,0,0,1.0,0.0,0.0
897,7375.794668368818,788,18,11,3,22191.517335667377,0,2,2,0.0,0.0,1.0
898,4989.838269027437,312,44,18,2,7275.96285663474,0,0,0,1.0,0.0,0.0
899,4025.995570542698,619,25,11,1,22733.346818707672,0,2,2,0.0,0.0,1.0
900,2751.090331134458,512,40,10,1,17854.184327771996,0,0,0,1.0,0.0,0.0
901,6632.52950688296,390,47,1,3,1873.8554189811691,0,0,0,1.0,0.0,0.0
902,6845.265340256201,581,39,13,5,24229.26946870544,0,0,0,1.0,0.0,0.0
903,3845.867159115051,502,37,12,3,23400.61334625969,1,0,0,1.0,0.0,0.0
904,2274.845018782897,458,50,8,3,3855.228381910896,0,0,0,1.0,0.0,0.0
905,4998.413756183624,634,54,2,5,29985.512759042067,0,0,0,1.0,0.0,0.0
906,11657.530510694492,432,65,9,5,19094.406246099206,0,1,1,0.0,1.0,0.0
907,4377.935702280928,323,37,19,4,16024.916957064906,0,0,0,1.0,0.0,0.0
908,1430.7076847440771,764,39,9,2,26984.08661946477,0,0,0,1.0,0.0,0.0
909,7269.980620244496,679,32,12,3,15148.178764555214,1,2,2,0.0,0.0,1.0
910,2184.2797974858213,857,20,13,1,4733.331195436329,0,2,2,0.0,0.0,1.0
911,6925.979449654243,534,38,19,2,11833.159197953692,1,0,0,1.0,0.0,0.0
912,2744.453302207714,536,56,13,4,28608.666380987863,1,0,0,1.0,0.0,0.0
913,9394.638810612316,335,20,13,4,9380.172532124943,0,2,2,0.0,0.0,1.0
914,1060.028045711772,648,56,13,2,20854.7146512556,0,0,0,1.0,0.0,0.0
915,5558.311244872769,654,52,10,1,14274.257272826497,0,0,0,1.0,0.0,0.0
916,7811.348419524506,622,40,1,1,13589.681105524647,1,0,0,1.0,0.0,0.0
917,4746.2041154718045,455,22,17,1,5712.143071708268,0,2,2,0.0,0.0,1.0
918,4424.359864308871,872,53,10,2,7965.717458050247,0,0,0,1.0,0.0,0.0
919,4689.71771460318,849,35,19,5,18140.68603229378,0,2,2,0.0,0.0,1.0
920,5822.638286903354,681,48,3,5,21975.0526409631,0,0,0,1.0,0.0,0.0
921,1311.6122351554627,390,26,2,5,7354.632124949915,0,2,2,0.0,0.0,1.0
922,7819.240044839445,636,30,14,4,5465.871006753656,0,2,2,0.0,0.0,1.0
923,4738.662974917632,706,34,4,4,13444.693670708242,1,2,2,0.0,0.0,1.0
924,7184.789861842886,739,43,5,5,27869.810487753464,0,0,0,1.0,0.0,0.0
925,6667.344352157051,773,22,4,4,18424.74572830477,0,2,2,0.0,0.0,1.0
926,7596.822540914891,761,55,5,1,16890.010566878194,1,0,0,1.0,0.0,0.0
927,3055.7605995031126,547,30,13,2,19769.16988093529,0,2,2,0.0,0.0,1.0
928,1701.999243443589,334,49,1,3,13031.88603801547,0,0,0,1.0,0.0,0.0
929,6868.207473418032,548,66,4,5,28922.54637990035,0,1,1,0.0,1.0,0.0
930,2533.365914060144,579,48,15,4,0.0,0,0,0,1.0,0.0,0.0
931,1608.59098041686,430,61,11,1,21733.899204606823,0,1,1,0.0,1.0,0.0
932,5732.545231089198,403,56,3,3,7891.230280967481,0,0,0,1.0,0.0,0.0
933,5608.900563528462,760,58,14,3,5661.950845822326,0,0,0,1.0,0.0,0.0
934,7242.813951016915,766,28,8,5,13124.317788297809,0,2,2,0.0,0.0,1.0
935,6402.673209955813,346,31,12,1,20471.274896855623,0,2,2,0.0,0.0,1.0
936,4314.653123189757,307,68,9,1,16896.199394762873,0,1,1,0.0,1.0,0.0
937,3400.2803068369303,802,36,10,2,20012.806915908044,0,0,0,1.0,0.0,0.0
938,5941.008954380978,525,47,1,2,13317.444438038208,0,0,0,1.0,0.0,0.0
939,3303.528505455258,471,28,15,3,6249.089268524189,0,2,2,0.0,0.0,1.0
940,3975.9287230884656,421,63,12,2,0.0,0,1,1,0.0,1.0,0.0
941,4337.568934307908,724,39,0,4,14126.513022793157,0,0,0,1.0,0.0,0.0
942,3176.3593679223104,453,30,16,5,9818.792065386257,1,2,2,0.0,0.0,1.0
943,3356.051963825837,592,38,8,3,21096.02936061407,0,0,0,1.0,0.0,0.0
944,5060.786901630087,778,38,12,2,0.0,0,0,0,1.0,0.0,0.0
945,6598.310101733385,488,26,16,3,2015.256440348432,0,2,2,0.0,0.0,1.0
946,5023.381615692871,718,33,10,2,7444.560189743292,0,2,2,0.0,0.0,1.0
947,3506.6020093076977,374,29,7,5,21595.676651165883,0,2,2,0.0,0.0,1.0
948,4969.724959917554,806,60,15,1,34934.02984740467,0,1,1,0.0,1.0,0.0
949,9412.572224579544,533,21,10,1,9179.245960775115,0,2,2,0.0,0.0,1.0
950,1857.100372249155,509,56,7,1,4182.994013381733,0,0,0,1.0,0.0,0.0
951,6177.762838590994,323,61,12,2,6583.853801802705,0,1,1,0.0,1.0,0.0
952,4528.117336072453,387,52,2,2,17127.68945833963,0,0,0,1.0,0.0,0.0
953,4594.784209370321,572,30,10,4,14853.179774349004,0,2,2,0.0,0.0,1.0
954,6109.427632421533,612,30,12,5,3903.8148566612817,0,2,2,0.0,0.0,1.0
955,1000.0,451,57,16,3,0.0,0,0,0,1.0,0.0,0.0
956,6047.121260569691,846,45,5,1,29474.93234671358,0,0,0,1.0,0.0,0.0
957,6292.8896270900605,856,22,10,3,13196.74173877858,0,2,2,0.0,0.0,1.0
958,3192.251775248804,739,20,8,4,17266.696549939865,0,2,2,0.0,0.0,1.0
959,3714.0657156012394,658,51,8,3,22665.501129989192,0,0,0,1.0,0.0,0.0
960,8985.380318676333,415,57,0,5,23979.67889994729,0,0,0,1.0,0.0,0.0
961,6540.472908166937,865,63,10,5,13149.081703599875,0,1,1,0.0,1.0,0.0
962,2866.011484322811,898,25,10,4,29178.00018021252,0,2,2,0.0,0.0,1.0
963,2045.1087886997784,506,25,14,1,20244.42422115356,0,2,2,0.0,0.0,1.0
964,2048.09068898413,526,37,19,5,27582.826318407417,0,0,0,1.0,0.0,0.0
965,6720.766341507447,759,65,5,3,3932.4258226048096,0,1,1,0.0,1.0,0.0
966,5002.629451577715,428,59,3,2,25462.638307753616,0,0,0,1.0,0.0,0.0
967,5817.804290482249,849,63,3,1,24238.37880427466,1,1,1,0.0,1.0,0.0
968,5566.376414730715,387,43,1,3,2224.4447662669954,0,0,0,1.0,0.0,0.0
969,7053.8417632443725,389,59,3,4,25251.431668065045,0,0,0,1.0,0.0,0.0
970,6443.820951057999,585,46,6,1,7291.45483617644,0,0,0,1.0,0.0,0.0
971,3229.305065234743,838,34,11,2,10382.669103910055,0,2,2,0.0,0.0,1.0
972,2579.449856092724,802,57,16,2,7552.150898630321,0,0,0,1.0,0.0,0.0
973,8111.853443439803,739,21,5,2,4055.8400308857135,0,2,2,0.0,0.0,1.0
974,2144.831533864696,793,18,6,3,16347.593241000606,0,2,2,0.0,0.0,1.0
975,2669.0639808057026,640,35,19,1,14995.171729433016,0,2,2,0.0,0.0,1.0
976,3773.6510930503086,540,55,2,1,21252.06703518573,0,0,0,1.0,0.0,0.0
977,7636.87639594638,536,62,2,4,7482.758565355345,0,1,1,0.0,1.0,0.0
978,4381.529028527713,345,26,16,2,31686.31801921749,1,2,2,0.0,0.0,1.0
979,5440.40475564158,868,49,7,5,18130.804618460268,0,0,0,1.0,0.0,0.0
980,3036.10370189248,803,69,7,3,19608.60135317049,0,1,1,0.0,1.0,0.0
981,5358.782199042247,486,23,5,1,21570.798911251597,1,2,2,0.0,0.0,1.0
982,6528.152989638797,461,24,16,5,31378.238023612277,0,2,2,0.0,0.0,1.0
983,3388.92338452371,459,20,2,3,5001.630633108547,0,2,2,0.0,0.0,1.0
984,4940.347595302337,738,46,10,5,23629.09738082789,0,0,0,1.0,0.0,0.0
985,6189.09600794308,517,30,15,1,27544.701135436087,0,2,2,0.0,0.0,1.0
986,3292.22735211989,632,52,3,2,4662.574089034644,0,0,0,1.0,0.0,0.0
987,5940.115337498544,746,50,2,4,16355.558406893626,0,0,0,1.0,0.0,0.0
988,7305.399340092768,396,55,11,4,11177.9121965635,0,0,0,1.0,0.0,0.0
989,6196.489602303063,456,55,9,5,13041.083530054104,0,0,0,1.0,0.0,0.0
990,5075.727518615876,436,51,15,4,11496.271263655122,0,0,0,1.0,0.0,0.0
991,5245.73883078479,747,50,10,2,8846.57135346922,1,0,0,1.0,0.0,0.0
992,5152.956368578906,304,48,7,5,20163.15313285388,1,0,0,1.0,0.0,0.0
993,1000.0,550,27,7,5,15413.72057275907,0,2,2,0.0,0.0,1.0
994,6539.255823624216,322,24,4,4,25354.21369118296,0,2,2,0.0,0.0,1.0
995,5734.703634923357,654,32,17,4,16885.298297897207,1,2,2,0.0,0.0,1.0
996,8130.722606120215,791,18,2,3,27941.55682200873,0,2,2,0.0,0.0,1.0
997,3544.8045448144326,679,68,19,2,20568.232030535903,0,1,1,0.0,1.0,0.0
998,5379.398382435954,711,51,0,2,23169.712697712665,0,0,0,1.0,0.0,0.0
999,5154.626860330529,339,22,12,3,15991.453642417848,0,2,2,0.0,0.0,1.0
1000,4146.076112616602,666,24,3,4,9789.674780142015,0,2,2,0.0,0.0,1.0
